relative_path,bytes,sha256
00_START_HIER/ENTWICKLUNGSCHRONIK.md,1470,cce2a0f0fa3c08a346cbb26b7836f98603bcddf1c6b0ae45ed22e9674bd14de6
00_START_HIER/LIZENZSTATUS.md,837,d71f734816f894b6b980cdedc89e0963ff3cedc59a2d66eb9d051d1be1070869
00_START_HIER/MESSDATEN.md,1618,5785362780c476bf9826c40343fbb194ec25c29f6304de135953400213791dfe
00_START_HIER/PROJEKTSTATUS.json,685,d7811ecf67115f4fda349e3f23e3ddbba88f57a297d7ba21d98ca89452933519
00_START_HIER/README_UEBERGABE.md,2849,5f6cb2722f41e6994b5b896e358de5209fa5c5c708be4bd7c3043572a326559a
00_START_HIER/REPRODUKTION.md,1073,31e40b785986c88f6d6ea47bc6a39b225bfe6097f9e63709b1ba28a221b57fd5
00_START_HIER/tools/generate_handoff_manifests.py,3536,038d269f97b1e7c2222e64ce65d5cee48d79afa2b681572d452989f921f31ae7
01_FINAL_RELEASE/01_CYBERDECK_V14_GEHAEUSE/01_TASTATURHAELFTE_K06_M5_V14.stl,140084,71f0505863a96ffc0904a575ce37b011f2bf9ce57d4e9b23fd08336d39e18123
01_FINAL_RELEASE/01_CYBERDECK_V14_GEHAEUSE/02_HANDYHAELFTE_PIXEL6A_M5_V14.stl,998184,5f12c6872626130a2a58b0e1c3e8def4fe1babd85ea78e9b70049f643359d37c
01_FINAL_RELEASE/01_CYBERDECK_V14_GEHAEUSE/VORSCHAU_BLOG/01_TASTATURHAELFTE_V14.png,38664,6462310b03b5e163050e1a5a8beed10cf6caf30738c1d941a9fa839c11502fec
01_FINAL_RELEASE/01_CYBERDECK_V14_GEHAEUSE/VORSCHAU_BLOG/02_HANDYHAELFTE_V14.png,78556,761fd79d4a5a74690ac85c044ea1777a27d89cb1276537001c168f9badfc37b2
01_FINAL_RELEASE/02_AKKU_UNTERBOX_V6_KOMPLETT/00_CLIP_PASSFORM_ZUERST/01_CLIP_LEICHT_9P26.stl,5184,222710f30ee4aa83b2d6d62c88fb68efc40e07bab0dd09f1f0c7e7190a8ee169
01_FINAL_RELEASE/02_AKKU_UNTERBOX_V6_KOMPLETT/00_CLIP_PASSFORM_ZUERST/02_CLIP_NOMINAL_9P34.stl,5184,4b7d162501fc36457e093112b92bbd60614b655a90ba345b908923f7473ed3f0
01_FINAL_RELEASE/02_AKKU_UNTERBOX_V6_KOMPLETT/00_CLIP_PASSFORM_ZUERST/03_CLIP_FEST_9P42.stl,5184,63059350102a2ade9d685ac26c3f11c5074d07fff322b9e6964af37ff5062f63
01_FINAL_RELEASE/02_AKKU_UNTERBOX_V6_KOMPLETT/01_V14_SCHIEBEBOX_75P8X155P2_POWERBANK_100X76X16_V6.stl,183684,fba6c4fae5907438c8536ed73387b35cac4007619effe17628a1d2b72c708fdb
01_FINAL_RELEASE/02_AKKU_UNTERBOX_V6_KOMPLETT/02_SCHIEBEDECKEL_75P8X155P2_V6.stl,105884,2369e483845dfa58d4acc3108746a652b72b70ec7acff6226fcece0741ec94f9
01_FINAL_RELEASE/02_AKKU_UNTERBOX_V6_KOMPLETT/03_SECHS_VERSENKTE_HEX_HALTECLIPS_NOMINAL_V6.stl,29684,9b5fd90c0badcdce3f257388a0b3c9442482548f930f63f95abd5801cae55ae4
01_FINAL_RELEASE/02_AKKU_UNTERBOX_V6_KOMPLETT/04_NUR_VORSCHAU_NICHT_DRUCKEN/MONTAGE_UNTER_V14_VORSCHAU.stl,335384,910c300de005c94688b34c0d219a9780444661cbcc1a3673268960c0250a8f34
01_FINAL_RELEASE/02_AKKU_UNTERBOX_V6_KOMPLETT/04_NUR_VORSCHAU_NICHT_DRUCKEN/POWERBANK_PASSFORM_VORSCHAU.stl,195384,6112f120dd5d353fbc991eb1ae3fd82683d8b8894c49865b670a000c525379d1
01_FINAL_RELEASE/02_AKKU_UNTERBOX_V6_KOMPLETT/05_QUELLE_UND_PRUEFUNG/01_INNENRAUM_POWERBANK.png,31817,75ae162a28ab074ef81d0f0a99f470a5674e8d0d1970fd8f094569236c11c7d4
01_FINAL_RELEASE/02_AKKU_UNTERBOX_V6_KOMPLETT/05_QUELLE_UND_PRUEFUNG/02_BOX_AUSSEN.png,34641,3337a07497c92a9374cc4fa42898b5962c0d2dfd54b87d35c9e571365540d53b
01_FINAL_RELEASE/02_AKKU_UNTERBOX_V6_KOMPLETT/05_QUELLE_UND_PRUEFUNG/03_SCHIEBEDECKEL.png,21239,ac54f6ad2fc547924b88492c60c77fc196c34b8f0696acc3285729708e11b181
01_FINAL_RELEASE/02_AKKU_UNTERBOX_V6_KOMPLETT/05_QUELLE_UND_PRUEFUNG/04_DRAUFSICHT_FAECHER.png,9372,67ea676da7de8382f3283635eb36bf32720cef71c7d2359fc733e22df5f23532
01_FINAL_RELEASE/02_AKKU_UNTERBOX_V6_KOMPLETT/05_QUELLE_UND_PRUEFUNG/05_MONTAGE_UNTER_V14_SCHARNIERSEITE.png,44638,74171502aa5c3719cb9ad39ab2b1a1f2f2f690b94743d93b7e737a1329d1534b
01_FINAL_RELEASE/02_AKKU_UNTERBOX_V6_KOMPLETT/05_QUELLE_UND_PRUEFUNG/render_sliding_powerbank_box_v6.py,3898,9eb3061f11d559048251eb7b28a4d31be64f7b299e903546d3f2019b52441578
01_FINAL_RELEASE/02_AKKU_UNTERBOX_V6_KOMPLETT/05_QUELLE_UND_PRUEFUNG/sliding_powerbank_box_v6.py,10794,c023315d0cfb4c410addb1c01ce520294f4a85f372e53738ac8c2921f7dbfeef
01_FINAL_RELEASE/02_AKKU_UNTERBOX_V6_KOMPLETT/DRUCKHINWEISE.md,1459,ee3fbc7686652cc214f00111c31ad88cda0c00de2b044e2e3570cc878d87c0c3
01_FINAL_RELEASE/03_KLAPPBARER_RINGSTANDFUSS_V2_KOMPLETT/00_CLIP_PASSFORM_ZUERST/04_CLIP_PASSFORM_9P26_9P34_9P42.stl,15584,8589986faf24a220e0ae790dc421aa953c910a80b20db83736d61ee272764725
01_FINAL_RELEASE/03_KLAPPBARER_RINGSTANDFUSS_V2_KOMPLETT/00_CLIP_PASSFORM_ZUERST/05_EINZELCLIP_LEICHT_9P26.stl,5184,ec23927ae02d08f4b2506f3828460f5ebaed0b9bd3b1198f6a48648450ec01d0
01_FINAL_RELEASE/03_KLAPPBARER_RINGSTANDFUSS_V2_KOMPLETT/00_CLIP_PASSFORM_ZUERST/06_EINZELCLIP_NOMINAL_9P34.stl,5184,a0933b23f2d1fc027b3d0c2b1162fb144a52762e22ab699726826c02c1b54a3a
01_FINAL_RELEASE/03_KLAPPBARER_RINGSTANDFUSS_V2_KOMPLETT/00_CLIP_PASSFORM_ZUERST/07_EINZELCLIP_FEST_9P42.stl,5184,07acab5204fb729eba3415995ed87585f84e067b8347385c56c206c51df105b2
01_FINAL_RELEASE/03_KLAPPBARER_RINGSTANDFUSS_V2_KOMPLETT/01_V14_HEX_RINGSTAND_BASIS_60MM.stl,147784,c2212613f0bc1da6289ed924d9d7f3a33ae64148aa83d970695aaf874679bada
01_FINAL_RELEASE/03_KLAPPBARER_RINGSTANDFUSS_V2_KOMPLETT/02_ELEGANTER_KLAPPRING_M3.stl,115984,9b25801b4e408be2906d09505f4ed621505c41a35418f150a68bf9d4582c0395
01_FINAL_RELEASE/03_KLAPPBARER_RINGSTANDFUSS_V2_KOMPLETT/03_VIER_HEX_HALTECLIPS_NOMINAL_9P34.stl,19284,cac8ca939a68974bf09db84a8dc24791a90e7438a7e012b062e24061d2accb10
01_FINAL_RELEASE/03_KLAPPBARER_RINGSTANDFUSS_V2_KOMPLETT/04_NUR_VORSCHAU_NICHT_DRUCKEN/01_RING_EINGEKLAPPT.stl,263684,98ac982fc75377519301784c86f21f6c8dc26ba6027aa42e23a4d51c089432e1
01_FINAL_RELEASE/03_KLAPPBARER_RINGSTANDFUSS_V2_KOMPLETT/04_NUR_VORSCHAU_NICHT_DRUCKEN/02_RING_AUFGEKLAPPT.stl,263684,8e5c6877c3f78b19c2e95b270cf6d3cb72012830d610a618f47653d6cb5a7737
01_FINAL_RELEASE/03_KLAPPBARER_RINGSTANDFUSS_V2_KOMPLETT/04_NUR_VORSCHAU_NICHT_DRUCKEN/03_RING_AN_V14_HANDYHAELFTE.stl,1261784,9d104e02b76b6522663c30824007bb5e5d4141517953dcfd88160084ca697604
01_FINAL_RELEASE/03_KLAPPBARER_RINGSTANDFUSS_V2_KOMPLETT/04_NUR_VORSCHAU_NICHT_DRUCKEN/04_CYBERDECK_MIT_RINGSTAND_AUF_TISCH.stl,1401784,05e560a9b0a995797f96b3ac9b6542eaa48b1fec602b16bf6d70ef1f08fa5159
01_FINAL_RELEASE/03_KLAPPBARER_RINGSTANDFUSS_V2_KOMPLETT/05_QUELLE_UND_PRUEFUNG/PRUEFBERICHT.txt,838,309352bfdcff6c52d7e6947716a1113e9752636e1550235308ba68993d9b0e83
01_FINAL_RELEASE/03_KLAPPBARER_RINGSTANDFUSS_V2_KOMPLETT/05_QUELLE_UND_PRUEFUNG/PRUEFBILDER/01_EINGEKLAPPT.png,47235,d5e896020bec4876abf7762534cf7b3ab869ed0afdec555ef361678cc9dc1de0
01_FINAL_RELEASE/03_KLAPPBARER_RINGSTANDFUSS_V2_KOMPLETT/05_QUELLE_UND_PRUEFUNG/PRUEFBILDER/02_AUFGEKLAPPT.png,39310,0ce3da9ddee091c0b4d0341c4facb67c77491f0e113f62dedc57a8c01a408d30
01_FINAL_RELEASE/03_KLAPPBARER_RINGSTANDFUSS_V2_KOMPLETT/05_QUELLE_UND_PRUEFUNG/PRUEFBILDER/03_AN_V14_HANDYHAELFTE.png,74427,666d70d13e6604f7a1f24a76a4d981a8ad1929723fbb2b417f38072ba7c65086
01_FINAL_RELEASE/03_KLAPPBARER_RINGSTANDFUSS_V2_KOMPLETT/05_QUELLE_UND_PRUEFUNG/PRUEFBILDER/04_GESAMTES_CYBERDECK_STANDFEST.png,97210,7c667ce57413346e125f2a15dae8713c1d2331c60dea46a918d275b645e90420
01_FINAL_RELEASE/03_KLAPPBARER_RINGSTANDFUSS_V2_KOMPLETT/05_QUELLE_UND_PRUEFUNG/elegant_ringstand_module_v2.py,19232,f8ee33cc87bad7f4e7850e13903511fca273df723ed5eb3bcf69c1beb54e4d33
01_FINAL_RELEASE/03_KLAPPBARER_RINGSTANDFUSS_V2_KOMPLETT/05_QUELLE_UND_PRUEFUNG/render_elegant_ringstand_module_v2.py,3064,0c832b86daef5706e2d80e5e6d336353a6be7badf02c0edfcd901124509ac1f9
01_FINAL_RELEASE/03_KLAPPBARER_RINGSTANDFUSS_V2_KOMPLETT/DRUCK_UND_MONTAGE.md,2400,f4bbeb7aad602a3a289faebb44e5d629ef97fade391d681414fcc293c4591aae
01_FINAL_RELEASE/04_VERBESSERTE_V6_HEXCLIPS_PLUS1MM/01_CLIP_EINZELTEST_EINRASTKRAGEN_10P34_PLUS1MM.stl,5984,c914b8463d55ac23feff88075f3a3b0f1477b40a05ffa8818400a8d56845fcf5
01_FINAL_RELEASE/04_VERBESSERTE_V6_HEXCLIPS_PLUS1MM/02_SECHS_CLIPS_EINRASTKRAGEN_10P34_PLUS1MM.stl,34284,a102cbcffdb4075c46cae8c151b2a860aaddee3da4ac24f03310c7308cce3416
01_FINAL_RELEASE/04_VERBESSERTE_V6_HEXCLIPS_PLUS1MM/03_PRUEFUNG/01_CLIP_PLUS1MM.png,13461,30aff9b06ac291663686483770525411dbf74f6fa3239997069202e59449b800
01_FINAL_RELEASE/04_VERBESSERTE_V6_HEXCLIPS_PLUS1MM/03_PRUEFUNG/02_SECHS_CLIPS_PLUS1MM.png,23158,75e9cf136e3c745963d6fcde1480f4cb940e381486665f2393a821b33631d15d
01_FINAL_RELEASE/04_VERBESSERTE_V6_HEXCLIPS_PLUS1MM/03_PRUEFUNG/v6_mount_clips_plus1mm.py,1356,6ce60fe39feb4076ee47cd9603aed9fad7542bd72f3fa0417cbd599ffe44e0a2
01_FINAL_RELEASE/04_VERBESSERTE_V6_HEXCLIPS_PLUS1MM/DRUCKHINWEIS.md,391,644977234b99ab6dc753d1b18a5a7b0470d06df92a55b44292637aa48eee80c5
01_FINAL_RELEASE/05_QUELLEN/cyberdeck_v1.py,55987,1b97af19a5b30f9ec16010ec32e48af4f6b9974221648b4f8bd888127249e020
01_FINAL_RELEASE/README_BLOG_PAKET.md,1618,57bded7addc8529e0d6c8cc6f2059b82bba8e0011a4a6668a2f4a6aea4930f20
05_MESSDATEN_UND_PRUEFBILDER/PRUEFBILDER_AUS_ENTWICKLUNG/00_GESPERRT_FALSCHE_54MM_VERSION_NICHT_DRUCKEN/V4_REFERENZ_MASTER_UEBERSICHT.png,167279,a96932ffc4a7c61bb63506dd88907b1829aaddc2bd927353a392e1f6f33e5a1a
05_MESSDATEN_UND_PRUEFBILDER/PRUEFBILDER_AUS_ENTWICKLUNG/05_DOKUMENTATION_UND_QUELLE/ADAPTER_UEBERSICHT.png,72688,bcca0e1b172268c203b71ebb854c6b96f99114581502995bb7af15ab03d70a6e
05_MESSDATEN_UND_PRUEFBILDER/PRUEFBILDER_AUS_ENTWICKLUNG/07_SCHIEBEBOX_POWERBANK_V2/05_QUELLE_UND_PRUEFUNG/01_INNENRAUM_POWERBANK.png,30874,4bc690b428d8853092601397cc23e6aca7480813262b1d7399bbc29c6f9377dd
05_MESSDATEN_UND_PRUEFBILDER/PRUEFBILDER_AUS_ENTWICKLUNG/07_SCHIEBEBOX_POWERBANK_V2/05_QUELLE_UND_PRUEFUNG/02_BOX_AUSSEN.png,33509,61ad4222e7aa274e8c83b6273e2d0b9ed57b44cbb40f3384448a70e44072de7b
05_MESSDATEN_UND_PRUEFBILDER/PRUEFBILDER_AUS_ENTWICKLUNG/07_SCHIEBEBOX_POWERBANK_V2/05_QUELLE_UND_PRUEFUNG/03_SCHIEBEDECKEL.png,21239,ac54f6ad2fc547924b88492c60c77fc196c34b8f0696acc3285729708e11b181
05_MESSDATEN_UND_PRUEFBILDER/PRUEFBILDER_AUS_ENTWICKLUNG/07_SCHIEBEBOX_POWERBANK_V2/05_QUELLE_UND_PRUEFUNG/04_DRAUFSICHT_FAECHER.png,9487,ce8dc3d808479c8a5fd307a0224454f5461310b2460d8bd5bdc54d3ca76ae4a7
05_MESSDATEN_UND_PRUEFBILDER/PRUEFBILDER_AUS_ENTWICKLUNG/08_SCHIEBEBOX_POWERBANK_100MM_V3/05_QUELLE_UND_PRUEFUNG/01_INNENRAUM_POWERBANK.png,30146,d52126e0f6114926c2b99d7dd8872caa588acee0511db94a61d80cdb2f229c1d
05_MESSDATEN_UND_PRUEFBILDER/PRUEFBILDER_AUS_ENTWICKLUNG/08_SCHIEBEBOX_POWERBANK_100MM_V3/05_QUELLE_UND_PRUEFUNG/02_BOX_AUSSEN.png,33509,61ad4222e7aa274e8c83b6273e2d0b9ed57b44cbb40f3384448a70e44072de7b
05_MESSDATEN_UND_PRUEFBILDER/PRUEFBILDER_AUS_ENTWICKLUNG/08_SCHIEBEBOX_POWERBANK_100MM_V3/05_QUELLE_UND_PRUEFUNG/03_SCHIEBEDECKEL.png,21239,ac54f6ad2fc547924b88492c60c77fc196c34b8f0696acc3285729708e11b181
05_MESSDATEN_UND_PRUEFBILDER/PRUEFBILDER_AUS_ENTWICKLUNG/08_SCHIEBEBOX_POWERBANK_100MM_V3/05_QUELLE_UND_PRUEFUNG/04_DRAUFSICHT_FAECHER.png,9487,ce8dc3d808479c8a5fd307a0224454f5461310b2460d8bd5bdc54d3ca76ae4a7
05_MESSDATEN_UND_PRUEFBILDER/PRUEFBILDER_AUS_ENTWICKLUNG/09_SCHIEBEBOX_POWERBANK_100X76X16_V4/05_QUELLE_UND_PRUEFUNG/01_INNENRAUM_POWERBANK.png,29142,aa501ebbc4c716d853f19bec65a4c160ca90655afedbf81d0ab698738a65b66b
05_MESSDATEN_UND_PRUEFBILDER/PRUEFBILDER_AUS_ENTWICKLUNG/09_SCHIEBEBOX_POWERBANK_100X76X16_V4/05_QUELLE_UND_PRUEFUNG/02_BOX_AUSSEN.png,32666,6eec6fcf4de0b0a9c7e597fc18b603a5fff2c8a6acbc0c7c70400adc876fbdf8
05_MESSDATEN_UND_PRUEFBILDER/PRUEFBILDER_AUS_ENTWICKLUNG/09_SCHIEBEBOX_POWERBANK_100X76X16_V4/05_QUELLE_UND_PRUEFUNG/03_SCHIEBEDECKEL.png,20291,08bbf977c334423daed11a5738829e2a02bec677e9e5c5dc282b4f0ad7b2a2b2
05_MESSDATEN_UND_PRUEFBILDER/PRUEFBILDER_AUS_ENTWICKLUNG/09_SCHIEBEBOX_POWERBANK_100X76X16_V4/05_QUELLE_UND_PRUEFUNG/04_DRAUFSICHT_FAECHER.png,9408,ce763c2469dc3c509b9c4700cc4b22dfbd551612084afc864b1bc430dc663c5e
05_MESSDATEN_UND_PRUEFBILDER/PRUEFBILDER_AUS_ENTWICKLUNG/10_SCHIEBEBOX_POWERBANK_PORTS_V5/05_QUELLE_UND_PRUEFUNG/01_INNENRAUM_POWERBANK.png,29009,8f6ef08974a94a71101fb69fb723e5c3a810dd6be4b6732a3e8c58bd8bf4603f
05_MESSDATEN_UND_PRUEFBILDER/PRUEFBILDER_AUS_ENTWICKLUNG/10_SCHIEBEBOX_POWERBANK_PORTS_V5/05_QUELLE_UND_PRUEFUNG/02_BOX_AUSSEN.png,32503,0f805f295bb4e7cf0f928e7b6ba1e8b350df30f9a372c91f13f158034b3a733a
05_MESSDATEN_UND_PRUEFBILDER/PRUEFBILDER_AUS_ENTWICKLUNG/10_SCHIEBEBOX_POWERBANK_PORTS_V5/05_QUELLE_UND_PRUEFUNG/03_SCHIEBEDECKEL.png,20291,08bbf977c334423daed11a5738829e2a02bec677e9e5c5dc282b4f0ad7b2a2b2
05_MESSDATEN_UND_PRUEFBILDER/PRUEFBILDER_AUS_ENTWICKLUNG/10_SCHIEBEBOX_POWERBANK_PORTS_V5/05_QUELLE_UND_PRUEFUNG/04_DRAUFSICHT_FAECHER.png,9297,92a17488d0ee590c749581fef190655a569ab620e0749cc59ea18cf98368676c
05_MESSDATEN_UND_PRUEFBILDER/PRUEFBILDER_AUS_ENTWICKLUNG/11_SCHIEBEBOX_EXAKT_V14_HINGE_V6/05_QUELLE_UND_PRUEFUNG/01_INNENRAUM_POWERBANK.png,31817,75ae162a28ab074ef81d0f0a99f470a5674e8d0d1970fd8f094569236c11c7d4
05_MESSDATEN_UND_PRUEFBILDER/PRUEFBILDER_AUS_ENTWICKLUNG/11_SCHIEBEBOX_EXAKT_V14_HINGE_V6/05_QUELLE_UND_PRUEFUNG/02_BOX_AUSSEN.png,34641,3337a07497c92a9374cc4fa42898b5962c0d2dfd54b87d35c9e571365540d53b
05_MESSDATEN_UND_PRUEFBILDER/PRUEFBILDER_AUS_ENTWICKLUNG/11_SCHIEBEBOX_EXAKT_V14_HINGE_V6/05_QUELLE_UND_PRUEFUNG/03_SCHIEBEDECKEL.png,21239,ac54f6ad2fc547924b88492c60c77fc196c34b8f0696acc3285729708e11b181
05_MESSDATEN_UND_PRUEFBILDER/PRUEFBILDER_AUS_ENTWICKLUNG/11_SCHIEBEBOX_EXAKT_V14_HINGE_V6/05_QUELLE_UND_PRUEFUNG/04_DRAUFSICHT_FAECHER.png,9372,67ea676da7de8382f3283635eb36bf32720cef71c7d2359fc733e22df5f23532
05_MESSDATEN_UND_PRUEFBILDER/PRUEFBILDER_AUS_ENTWICKLUNG/11_SCHIEBEBOX_EXAKT_V14_HINGE_V6/05_QUELLE_UND_PRUEFUNG/05_MONTAGE_UNTER_V14_SCHARNIERSEITE.png,44638,74171502aa5c3719cb9ad39ab2b1a1f2f2f690b94743d93b7e737a1329d1534b
05_MESSDATEN_UND_PRUEFBILDER/PRUEFBILDER_AUS_ENTWICKLUNG/12_V14_KLAPPSTANDFUSS_M3_V1/05_QUELLE_UND_PRUEFUNG/PRUEFBILDER/01_EINGEKLAPPT.png,31523,b5cd00e04c3f58e51ade7a23b14231018ca1e4901295e0f6485f8096546dc9c8
05_MESSDATEN_UND_PRUEFBILDER/PRUEFBILDER_AUS_ENTWICKLUNG/12_V14_KLAPPSTANDFUSS_M3_V1/05_QUELLE_UND_PRUEFUNG/PRUEFBILDER/02_AUFGEKLAPPT.png,24030,c3158968d90630cc5f0a4cee30125f4e731c3618d28763a6234df67fb3bc24b4
05_MESSDATEN_UND_PRUEFBILDER/PRUEFBILDER_AUS_ENTWICKLUNG/12_V14_KLAPPSTANDFUSS_M3_V1/05_QUELLE_UND_PRUEFUNG/PRUEFBILDER/03_AN_V14_HANDYHAELFTE.png,68936,b4cea17ed2366a2dd213a7745acfc5f52841d2e922dc3cbde030335a967aa158
05_MESSDATEN_UND_PRUEFBILDER/PRUEFBILDER_AUS_ENTWICKLUNG/12_V14_KLAPPSTANDFUSS_M3_V1/05_QUELLE_UND_PRUEFUNG/PRUEFBILDER/04_GESAMTES_CYBERDECK_STANDFEST.png,90029,4a0de74a592300f1bb47a3fa2c1064c6b3475236092faa726f8d64fa940775ba
05_MESSDATEN_UND_PRUEFBILDER/PRUEFBILDER_AUS_ENTWICKLUNG/12_V6_CLIPS_EINRASTKRAGEN_PLUS1MM/03_PRUEFUNG/01_CLIP_PLUS1MM.png,13461,30aff9b06ac291663686483770525411dbf74f6fa3239997069202e59449b800
05_MESSDATEN_UND_PRUEFBILDER/PRUEFBILDER_AUS_ENTWICKLUNG/12_V6_CLIPS_EINRASTKRAGEN_PLUS1MM/03_PRUEFUNG/02_SECHS_CLIPS_PLUS1MM.png,23158,75e9cf136e3c745963d6fcde1480f4cb940e381486665f2393a821b33631d15d
05_MESSDATEN_UND_PRUEFBILDER/PRUEFBILDER_AUS_ENTWICKLUNG/13_V14_ELEGANTER_RINGSTAND_M3_V2/05_QUELLE_UND_PRUEFUNG/PRUEFBILDER/01_EINGEKLAPPT.png,47235,d5e896020bec4876abf7762534cf7b3ab869ed0afdec555ef361678cc9dc1de0
05_MESSDATEN_UND_PRUEFBILDER/PRUEFBILDER_AUS_ENTWICKLUNG/13_V14_ELEGANTER_RINGSTAND_M3_V2/05_QUELLE_UND_PRUEFUNG/PRUEFBILDER/02_AUFGEKLAPPT.png,39310,0ce3da9ddee091c0b4d0341c4facb67c77491f0e113f62dedc57a8c01a408d30
05_MESSDATEN_UND_PRUEFBILDER/PRUEFBILDER_AUS_ENTWICKLUNG/13_V14_ELEGANTER_RINGSTAND_M3_V2/05_QUELLE_UND_PRUEFUNG/PRUEFBILDER/03_AN_V14_HANDYHAELFTE.png,74427,666d70d13e6604f7a1f24a76a4d981a8ad1929723fbb2b417f38072ba7c65086
05_MESSDATEN_UND_PRUEFBILDER/PRUEFBILDER_AUS_ENTWICKLUNG/13_V14_ELEGANTER_RINGSTAND_M3_V2/05_QUELLE_UND_PRUEFUNG/PRUEFBILDER/04_GESAMTES_CYBERDECK_STANDFEST.png,97210,7c667ce57413346e125f2a15dae8713c1d2331c60dea46a918d275b645e90420
05_MESSDATEN_UND_PRUEFBILDER/PRUEFBILDER_AUS_ENTWICKLUNG/99_ARCHIV_ALTE_VERSIONEN_NICHT_DRUCKEN/V3_UEBERSICHT.png,139349,6e3adad35fb3f02872a2f7caad7a159b8158789a594a7207ae637c1323f9448b
DRUCKDATEIEN_SORTIERT/00_GESPERRT_FALSCHE_54MM_VERSION_NICHT_DRUCKEN/ALT_V4_HANDYHAELFTE_NUR_MIT_54MM_PAAR_VERWENDET_NICHT_DRUCKEN.stl,992484,5b0c3a83f2b6216956b5ca801c182311937dd031d49b07f4c85acaa09270679a
DRUCKDATEIEN_SORTIERT/00_GESPERRT_FALSCHE_54MM_VERSION_NICHT_DRUCKEN/ALT_V4_M5_SCHARNIER_TEST.stl,32484,6951c26542709c206e6cc45419d002dc8feea35b0a68df1661adbf576d671044
DRUCKDATEIEN_SORTIERT/00_GESPERRT_FALSCHE_54MM_VERSION_NICHT_DRUCKEN/ALT_V4_VERSCHLUSS_TEST.stl,6284,65b03e7054bf8fb146c24686d585320e5db2da9bea6e1ac195c60ebb2e70ee57
DRUCKDATEIEN_SORTIERT/00_GESPERRT_FALSCHE_54MM_VERSION_NICHT_DRUCKEN/FEHLERHAFT_54MM_K06_PASSLEHRE.stl,18184,0d79ae20551a5e9d6e87d47dbbd0a1ebd68ba15e40e755460dcd63dcc595671d
DRUCKDATEIEN_SORTIERT/00_GESPERRT_FALSCHE_54MM_VERSION_NICHT_DRUCKEN/FEHLERHAFT_54MM_TASTATURHAELFTE.stl,185684,07bea9afb9cfd1660982becabe730624991ccfa6b39616b4ff1773086942d9f9
DRUCKDATEIEN_SORTIERT/00_GESPERRT_FALSCHE_54MM_VERSION_NICHT_DRUCKEN/V4_180_GRAD_NICHT_DRUCKEN.stl,1178084,5a6986df4f3a911f1ea51524fe3742a8bc94c5e3a4d5052e66ab798a3d73d46d
DRUCKDATEIEN_SORTIERT/00_GESPERRT_FALSCHE_54MM_VERSION_NICHT_DRUCKEN/V4_ARBEITSSTELLUNG_NICHT_DRUCKEN.stl,1178084,9f0b78d86e469bc7906f91577d4b3bd3a93ee42c87d2797e997fb73d5d783934
DRUCKDATEIEN_SORTIERT/00_GESPERRT_FALSCHE_54MM_VERSION_NICHT_DRUCKEN/V4_GESCHLOSSEN_NICHT_DRUCKEN.stl,1178084,468dcd4684c4be40d011c7a8e864cbb854c7b0a3ce2bbbda87c4fe2a5c01d797
DRUCKDATEIEN_SORTIERT/00_GESPERRT_FALSCHE_54MM_VERSION_NICHT_DRUCKEN/V4_REFERENZ_MASTER_UEBERSICHT.png,167279,a96932ffc4a7c61bb63506dd88907b1829aaddc2bd927353a392e1f6f33e5a1a
DRUCKDATEIEN_SORTIERT/01_TESTDRUCKE_ZUERST/04_WABEN_STECK_TEST.stl,67984,a8ec60aac99fa6edfe271a1614dabb22a877a20492d0acb6502964273be6415a
DRUCKDATEIEN_SORTIERT/01_V8_TESTDRUCKE_ZUERST/01_M5_SCHARNIER_TEST_V8.stl,32484,6951c26542709c206e6cc45419d002dc8feea35b0a68df1661adbf576d671044
DRUCKDATEIEN_SORTIERT/01_V8_TESTDRUCKE_ZUERST/02_K06_PASSLEHRE_59P6MM_V8.stl,17784,6d1ebe49dc8e092fc0eb54792611d3d62297d20ff76b4bebf98c8f0708622cb7
DRUCKDATEIEN_SORTIERT/01_V8_TESTDRUCKE_ZUERST/03_ABNEHMBARER_ENDCLIP_V8_ZWEIMAL_DRUCKEN.stl,1484,81db25fb977badffa74526cf52855eb8d68640fddade7a982d41b941fb7f43b3
DRUCKDATEIEN_SORTIERT/01_V9_TESTDRUCKE/01_M5_SCHARNIER_TEST_V9.stl,32484,6951c26542709c206e6cc45419d002dc8feea35b0a68df1661adbf576d671044
DRUCKDATEIEN_SORTIERT/01_V9_TESTDRUCKE/02_K06_PASSLEHRE_59P6MM_V9.stl,17784,6d1ebe49dc8e092fc0eb54792611d3d62297d20ff76b4bebf98c8f0708622cb7
DRUCKDATEIEN_SORTIERT/01_V9_TESTDRUCKE/03_ENDCLIP_V9_ZWEIMAL_DRUCKEN.stl,1484,81db25fb977badffa74526cf52855eb8d68640fddade7a982d41b941fb7f43b3
DRUCKDATEIEN_SORTIERT/02_ADAPTER/01_MULTI_ADAPTER_HALTERUNG.stl,28684,382d931228b6c92ee8d48acd6cda4b5dd101896ef4f3939cd80a75d801009adf
DRUCKDATEIEN_SORTIERT/02_ADAPTER/02_MULTI_ADAPTER_STECKSTIFTE_6_STUECK.stl,78084,7ad5d6e41cbbc38101a2d06b9a906f7d71c6d31e0294839329fd0147daf70f1c
DRUCKDATEIEN_SORTIERT/03_V10_SAUBERE_FINALDATEIEN/01_TASTATURHAELFTE_K06_59P6MM_M5_V10.stl,140884,1c635444ad0f0ede0bf510eb8f0ca173f9f514db6645141795738bcb3b74df46
DRUCKDATEIEN_SORTIERT/03_V10_SAUBERE_FINALDATEIEN/02_HANDYHAELFTE_PIXEL6A_M5_WABEN_V10.stl,988784,358c5ba594c96161a9061c27b57bab013ff23defda845f45636d20c5ef119dea
DRUCKDATEIEN_SORTIERT/03_V11_GLEICHE_SCHARNIERKONTUR/01_TASTATURHAELFTE_K06_M5_V11.stl,141284,17146242024745381762cfdf4ff718fedaeb23a95243d2cc5b0ef0d9e6001a2c
DRUCKDATEIEN_SORTIERT/03_V11_GLEICHE_SCHARNIERKONTUR/02_HANDYHAELFTE_PIXEL6A_M5_WABEN_V11.stl,988784,358c5ba594c96161a9061c27b57bab013ff23defda845f45636d20c5ef119dea
DRUCKDATEIEN_SORTIERT/03_V12_KORRIGIERT/01_TASTATURHAELFTE_K06_M5_V12.stl,140084,71f0505863a96ffc0904a575ce37b011f2bf9ce57d4e9b23fd08336d39e18123
DRUCKDATEIEN_SORTIERT/03_V12_KORRIGIERT/02_HANDYHAELFTE_PIXEL6A_M5_V12.stl,988784,358c5ba594c96161a9061c27b57bab013ff23defda845f45636d20c5ef119dea
DRUCKDATEIEN_SORTIERT/03_V13_HANDYSCHARNIER_KORRIGIERT/01_TASTATURHAELFTE_K06_M5_V13.stl,140084,71f0505863a96ffc0904a575ce37b011f2bf9ce57d4e9b23fd08336d39e18123
DRUCKDATEIEN_SORTIERT/03_V13_HANDYSCHARNIER_KORRIGIERT/02_HANDYHAELFTE_PIXEL6A_M5_V13.stl,983184,e70d1d81d7b4154d26cc6db1a62558d4b4da421d5f817e5fa9f2de1657678271
DRUCKDATEIEN_SORTIERT/03_V14_INNENKANTE_ENTFERNT/01_TASTATURHAELFTE_K06_M5_V14.stl,140084,71f0505863a96ffc0904a575ce37b011f2bf9ce57d4e9b23fd08336d39e18123
DRUCKDATEIEN_SORTIERT/03_V14_INNENKANTE_ENTFERNT/02_HANDYHAELFTE_PIXEL6A_M5_V14.stl,998184,5f12c6872626130a2a58b0e1c3e8def4fe1babd85ea78e9b70049f643359d37c
DRUCKDATEIEN_SORTIERT/03_V8_GROSSTEILE_GEOMETRISCH_GEPREUFT/01_TASTATURHAELFTE_K06_59P6MM_M5_V8.stl,142284,0e08edcde27dd5b3225d4bdda41da5d1666c5427b572eda3f3637aa9133f6d96
DRUCKDATEIEN_SORTIERT/03_V8_GROSSTEILE_GEOMETRISCH_GEPREUFT/02_HANDYHAELFTE_PIXEL6A_M5_WABEN_V8.stl,988784,358c5ba594c96161a9061c27b57bab013ff23defda845f45636d20c5ef119dea
DRUCKDATEIEN_SORTIERT/03_V9_GLEICHE_AUSSENKONTUR/01_TASTATURHAELFTE_K06_59P6MM_M5_V9.stl,142484,134910ecc109ed5c6c92cf8b1b61b999a4f8c0b27eecdd7e363186c345d85013
DRUCKDATEIEN_SORTIERT/03_V9_GLEICHE_AUSSENKONTUR/02_HANDYHAELFTE_PIXEL6A_M5_WABEN_V9.stl,988784,358c5ba594c96161a9061c27b57bab013ff23defda845f45636d20c5ef119dea
DRUCKDATEIEN_SORTIERT/04_NUR_VORSCHAU_NICHT_DRUCKEN/ADAPTER_PASSFORM_NICHT_DRUCKEN.stl,40484,16126004c22396239ad927e40edcf89c0368330dbe5b68254923479d76de66ce
DRUCKDATEIEN_SORTIERT/04_NUR_VORSCHAU_NICHT_DRUCKEN/HANDY_MIT_ADAPTER_NICHT_DRUCKEN.stl,1021484,2ceb5a93efc5e143d62763436ddab1f46fcb50599d2fae0c353a7ceb0196e8c5
DRUCKDATEIEN_SORTIERT/04_NUR_VORSCHAU_NICHT_DRUCKEN/V5_180_GRAD_NICHT_DRUCKEN.stl,1160884,73ca10d406ccaeb7d6c25453842436cbbf059526f3eb6c40d1c814294df68f45
DRUCKDATEIEN_SORTIERT/04_NUR_VORSCHAU_NICHT_DRUCKEN/V5_ARBEITSSTELLUNG_NICHT_DRUCKEN.stl,1160884,f5f8310a831e9a6d89cdf348d42bc1fdbe319e0bcdbeadfcd325ebf680cfd8aa
DRUCKDATEIEN_SORTIERT/04_NUR_VORSCHAU_NICHT_DRUCKEN/V5_GESCHLOSSEN_NICHT_DRUCKEN.stl,1160884,74aa54cd3300138351a22371eb000d9c2d14d1b9f515d4784fd8f8dbd750036f
DRUCKDATEIEN_SORTIERT/04_V8_VORSCHAU_NICHT_DRUCKEN/V8_180_GRAD_NICHT_DRUCKEN.stl,1130984,020dbdd7bd6f2020873634da8ff10463145f70126653e0851cb6607c69ce0fba
DRUCKDATEIEN_SORTIERT/04_V8_VORSCHAU_NICHT_DRUCKEN/V8_ARBEITSSTELLUNG_NICHT_DRUCKEN.stl,1130984,ddcab972a15e35cbd0e567c84c828a237f79e4ee0245555bba3f5b2d650a2b61
DRUCKDATEIEN_SORTIERT/04_V8_VORSCHAU_NICHT_DRUCKEN/V8_GESCHLOSSEN_NICHT_DRUCKEN.stl,1130984,f2afd7be657164868d9d034bf01ca336cfc16533a21885dcb87c54dc3510d3bc
DRUCKDATEIEN_SORTIERT/05_DOKUMENTATION_UND_QUELLE/ADAPTER_UEBERSICHT.png,72688,bcca0e1b172268c203b71ebb854c6b96f99114581502995bb7af15ab03d70a6e
DRUCKDATEIEN_SORTIERT/05_DOKUMENTATION_UND_QUELLE/PARAMETRISCHE_QUELLDATEI.py,46732,59bdeb37400c571539519b3d4e5f7067d43fd235c096b9b3985798cd089c8ee1
DRUCKDATEIEN_SORTIERT/05_DOKUMENTATION_UND_QUELLE/TECHNISCHE_DOKUMENTATION.md,1977,10680f52186473dc7f1247b220f40dbf7004940c076afaf6f4a4a9a2207780d4
DRUCKDATEIEN_SORTIERT/05_DOKUMENTATION_UND_QUELLE/__pycache__/PARAMETRISCHE_QUELLDATEI.cpython-314.pyc,57869,e909dc3f3d9520af0308e32b2c1050c23c4eb8a40d74d1ed0a07cf7307815dd1
DRUCKDATEIEN_SORTIERT/05_DOKUMENTATION_UND_QUELLE/cyberdeck_v8_quelle.py,53568,3e8ee0371ded89bd7656c905445c95ea26a91997d3e3ede74d7a1ab1525ea8a0
DRUCKDATEIEN_SORTIERT/05_DOKUMENTATION_UND_QUELLE/cyberdeck_v9_quelle.py,53803,e4a60e64a33c899931f0ac44aa4e7dee94196f08877a03e0c997fad88f4ad647
DRUCKDATEIEN_SORTIERT/06_POWERBANK_UNTERBODEN_V1/00_NICHT_MEHR_DRUCKEN_V1_FEHLERHAFT.md,188,fcefffe85adfd145e0ba69fde0faf80b811707b360a69957e755213d2f785787
DRUCKDATEIEN_SORTIERT/06_POWERBANK_UNTERBODEN_V1/01_POWERBANK_UNTERBODEN_75P8X155P2_V1.stl,108884,7f58d17c018cc023755db05a51fecd6afecb17873f5b50275dfdb4c90c2c7485
DRUCKDATEIEN_SORTIERT/06_POWERBANK_UNTERBODEN_V1/02_SECHS_HEX_KLICKSTIFTE_4P8MM_V1.stl,39184,d606f44a8bfa1dfee99c5172b5007d133dfc14350c9f7e924db7b563c7d895d6
DRUCKDATEIEN_SORTIERT/06_POWERBANK_UNTERBODEN_V1/04_NUR_VORSCHAU_NICHT_DRUCKEN/MONTAGE_UNTER_V14_VORSCHAU.stl,260584,650b255b1f68a03bfd80fa1654146dc741ccfddbd18292fe6a1b0351cb66c24f
DRUCKDATEIEN_SORTIERT/06_POWERBANK_UNTERBODEN_V1/04_NUR_VORSCHAU_NICHT_DRUCKEN/POWERBANK_PASSFORM_VORSCHAU.stl,120584,edc5009d90e2400550cda412e27065444a397662e21f2f2757f69f62079e246c
DRUCKDATEIEN_SORTIERT/06_POWERBANK_UNTERBODEN_V1/DRUCKHINWEISE.md,766,e59a1bc44fb0e7b96446b60a0b9f8e42b620d3846e183b37f14701cab9fc6e61
DRUCKDATEIEN_SORTIERT/06_POWERBANK_UNTERBODEN_V1/PARAMETRISCHE_QUELLE_POWERBANK_V1.py,9826,672b3b4d0bdb0462ff88de7ad259a021b955d586443ffb4565c79f5828639bfc
DRUCKDATEIEN_SORTIERT/07_SCHIEBEBOX_POWERBANK_V2/00_CLIP_PASSFORM_ZUERST/01_CLIP_LEICHT_9P26.stl,5184,222710f30ee4aa83b2d6d62c88fb68efc40e07bab0dd09f1f0c7e7190a8ee169
DRUCKDATEIEN_SORTIERT/07_SCHIEBEBOX_POWERBANK_V2/00_CLIP_PASSFORM_ZUERST/02_CLIP_NOMINAL_9P34.stl,5184,4b7d162501fc36457e093112b92bbd60614b655a90ba345b908923f7473ed3f0
DRUCKDATEIEN_SORTIERT/07_SCHIEBEBOX_POWERBANK_V2/00_CLIP_PASSFORM_ZUERST/03_CLIP_FEST_9P42.stl,5184,63059350102a2ade9d685ac26c3f11c5074d07fff322b9e6964af37ff5062f63
DRUCKDATEIEN_SORTIERT/07_SCHIEBEBOX_POWERBANK_V2/00_NICHT_DRUCKEN_FALSCHE_POWERBANKLAENGE.md,176,1dd857b6e9e219fae38b2bf54b16b2ae7d7a17238a7351f23267f97f940a86d3
DRUCKDATEIEN_SORTIERT/07_SCHIEBEBOX_POWERBANK_V2/01_V14_SCHIEBEBOX_POWERBANK_KABEL_V2.stl,205084,35c337e59b178b39ab7b70d8c8c5966e93bdcc1bfe29fa1684296b667c2598b5
DRUCKDATEIEN_SORTIERT/07_SCHIEBEBOX_POWERBANK_V2/02_SCHIEBEDECKEL_V2.stl,105884,2369e483845dfa58d4acc3108746a652b72b70ec7acff6226fcece0741ec94f9
DRUCKDATEIEN_SORTIERT/07_SCHIEBEBOX_POWERBANK_V2/03_SECHS_VERSENKTE_HEX_HALTECLIPS_NOMINAL_V2.stl,29684,9b5fd90c0badcdce3f257388a0b3c9442482548f930f63f95abd5801cae55ae4
DRUCKDATEIEN_SORTIERT/07_SCHIEBEBOX_POWERBANK_V2/04_NUR_VORSCHAU_NICHT_DRUCKEN/MONTAGE_UNTER_V14_VORSCHAU.stl,356784,6edc12c140c151ea3326b38a289a4b45bd5bc9e2becaef7a3ff0361212c21129
DRUCKDATEIEN_SORTIERT/07_SCHIEBEBOX_POWERBANK_V2/04_NUR_VORSCHAU_NICHT_DRUCKEN/POWERBANK_PASSFORM_VORSCHAU.stl,216784,c51c4bed34e5136ad61f2ac0ffe9359ae8f62cf5cba0375c7f1218bcd2867e7d
DRUCKDATEIEN_SORTIERT/07_SCHIEBEBOX_POWERBANK_V2/05_QUELLE_UND_PRUEFUNG/01_INNENRAUM_POWERBANK.png,30874,4bc690b428d8853092601397cc23e6aca7480813262b1d7399bbc29c6f9377dd
DRUCKDATEIEN_SORTIERT/07_SCHIEBEBOX_POWERBANK_V2/05_QUELLE_UND_PRUEFUNG/02_BOX_AUSSEN.png,33509,61ad4222e7aa274e8c83b6273e2d0b9ed57b44cbb40f3384448a70e44072de7b
DRUCKDATEIEN_SORTIERT/07_SCHIEBEBOX_POWERBANK_V2/05_QUELLE_UND_PRUEFUNG/03_SCHIEBEDECKEL.png,21239,ac54f6ad2fc547924b88492c60c77fc196c34b8f0696acc3285729708e11b181
DRUCKDATEIEN_SORTIERT/07_SCHIEBEBOX_POWERBANK_V2/05_QUELLE_UND_PRUEFUNG/04_DRAUFSICHT_FAECHER.png,9487,ce8dc3d808479c8a5fd307a0224454f5461310b2460d8bd5bdc54d3ca76ae4a7
DRUCKDATEIEN_SORTIERT/07_SCHIEBEBOX_POWERBANK_V2/05_QUELLE_UND_PRUEFUNG/render_sliding_powerbank_box_v2.py,3389,aba1d7755983119719e0a33eb250133521d567300b1206ce226e9e841a283a10
DRUCKDATEIEN_SORTIERT/07_SCHIEBEBOX_POWERBANK_V2/05_QUELLE_UND_PRUEFUNG/sliding_powerbank_box_v2.py,9139,8a8cc234b85428f1807fcebcd4d93c8469edf33eac7c3a40950ca1b7a81b8f54
DRUCKDATEIEN_SORTIERT/07_SCHIEBEBOX_POWERBANK_V2/DRUCKHINWEISE.md,1671,7951fec3edea0e892b4fcb9c3611185c7d4a60f0e38d13a884587fcc0ac9c4b3
DRUCKDATEIEN_SORTIERT/08_SCHIEBEBOX_POWERBANK_100MM_V3/00_CLIP_PASSFORM_ZUERST/01_CLIP_LEICHT_9P26.stl,5184,222710f30ee4aa83b2d6d62c88fb68efc40e07bab0dd09f1f0c7e7190a8ee169
DRUCKDATEIEN_SORTIERT/08_SCHIEBEBOX_POWERBANK_100MM_V3/00_CLIP_PASSFORM_ZUERST/02_CLIP_NOMINAL_9P34.stl,5184,4b7d162501fc36457e093112b92bbd60614b655a90ba345b908923f7473ed3f0
DRUCKDATEIEN_SORTIERT/08_SCHIEBEBOX_POWERBANK_100MM_V3/00_CLIP_PASSFORM_ZUERST/03_CLIP_FEST_9P42.stl,5184,63059350102a2ade9d685ac26c3f11c5074d07fff322b9e6964af37ff5062f63
DRUCKDATEIEN_SORTIERT/08_SCHIEBEBOX_POWERBANK_100MM_V3/00_NICHT_DRUCKEN_FALSCHE_BREITE.md,193,d377fd3c18a555428bfafdff8fcaa5bd95d4dc0fd47f1603fd6f0241f03498c3
DRUCKDATEIEN_SORTIERT/08_SCHIEBEBOX_POWERBANK_100MM_V3/01_V14_SCHIEBEBOX_POWERBANK_100MM_V3.stl,205084,35c337e59b178b39ab7b70d8c8c5966e93bdcc1bfe29fa1684296b667c2598b5
DRUCKDATEIEN_SORTIERT/08_SCHIEBEBOX_POWERBANK_100MM_V3/02_SCHIEBEDECKEL_V3.stl,105884,2369e483845dfa58d4acc3108746a652b72b70ec7acff6226fcece0741ec94f9
DRUCKDATEIEN_SORTIERT/08_SCHIEBEBOX_POWERBANK_100MM_V3/03_SECHS_VERSENKTE_HEX_HALTECLIPS_NOMINAL_V3.stl,29684,9b5fd90c0badcdce3f257388a0b3c9442482548f930f63f95abd5801cae55ae4
DRUCKDATEIEN_SORTIERT/08_SCHIEBEBOX_POWERBANK_100MM_V3/04_NUR_VORSCHAU_NICHT_DRUCKEN/MONTAGE_UNTER_V14_VORSCHAU.stl,356884,bc521533b52202ecd423d1b402df9dd354a75c61a301b1bb4973ffae79983f01
DRUCKDATEIEN_SORTIERT/08_SCHIEBEBOX_POWERBANK_100MM_V3/04_NUR_VORSCHAU_NICHT_DRUCKEN/POWERBANK_100MM_PASSFORM_VORSCHAU.stl,216884,28505bae1c23820e169ea0b4ec496b818655a276a54a9bb6bf65b6e8b205104e
DRUCKDATEIEN_SORTIERT/08_SCHIEBEBOX_POWERBANK_100MM_V3/05_QUELLE_UND_PRUEFUNG/01_INNENRAUM_POWERBANK.png,30146,d52126e0f6114926c2b99d7dd8872caa588acee0511db94a61d80cdb2f229c1d
DRUCKDATEIEN_SORTIERT/08_SCHIEBEBOX_POWERBANK_100MM_V3/05_QUELLE_UND_PRUEFUNG/02_BOX_AUSSEN.png,33509,61ad4222e7aa274e8c83b6273e2d0b9ed57b44cbb40f3384448a70e44072de7b
DRUCKDATEIEN_SORTIERT/08_SCHIEBEBOX_POWERBANK_100MM_V3/05_QUELLE_UND_PRUEFUNG/03_SCHIEBEDECKEL.png,21239,ac54f6ad2fc547924b88492c60c77fc196c34b8f0696acc3285729708e11b181
DRUCKDATEIEN_SORTIERT/08_SCHIEBEBOX_POWERBANK_100MM_V3/05_QUELLE_UND_PRUEFUNG/04_DRAUFSICHT_FAECHER.png,9487,ce8dc3d808479c8a5fd307a0224454f5461310b2460d8bd5bdc54d3ca76ae4a7
DRUCKDATEIEN_SORTIERT/08_SCHIEBEBOX_POWERBANK_100MM_V3/05_QUELLE_UND_PRUEFUNG/render_sliding_powerbank_box_v3.py,3389,34850a8fc404d1237945653030b6057fb5e5bb42c72d321c25b22f05fff9e223
DRUCKDATEIEN_SORTIERT/08_SCHIEBEBOX_POWERBANK_100MM_V3/05_QUELLE_UND_PRUEFUNG/sliding_powerbank_box_v3.py,9152,74acfc2352719b76bb30ba89eb6607fbaf1c677e6edbd4377663d8681f1002c2
DRUCKDATEIEN_SORTIERT/08_SCHIEBEBOX_POWERBANK_100MM_V3/DRUCKHINWEISE.md,1236,a8fef37fc9b5fb401865657d406c029e0a02ad1e73592ecbbd44f61a252c71a6
DRUCKDATEIEN_SORTIERT/09_SCHIEBEBOX_POWERBANK_100X76X16_V4/00_CLIP_PASSFORM_ZUERST/01_CLIP_LEICHT_9P26.stl,5184,222710f30ee4aa83b2d6d62c88fb68efc40e07bab0dd09f1f0c7e7190a8ee169
DRUCKDATEIEN_SORTIERT/09_SCHIEBEBOX_POWERBANK_100X76X16_V4/00_CLIP_PASSFORM_ZUERST/02_CLIP_NOMINAL_9P34.stl,5184,4b7d162501fc36457e093112b92bbd60614b655a90ba345b908923f7473ed3f0
DRUCKDATEIEN_SORTIERT/09_SCHIEBEBOX_POWERBANK_100X76X16_V4/00_CLIP_PASSFORM_ZUERST/03_CLIP_FEST_9P42.stl,5184,63059350102a2ade9d685ac26c3f11c5074d07fff322b9e6964af37ff5062f63
DRUCKDATEIEN_SORTIERT/09_SCHIEBEBOX_POWERBANK_100X76X16_V4/00_NICHT_DRUCKEN_ANSCHLUESSE_FEHLEN.md,202,885257a9a5c4b141c5243d100afb4ddc69d2e6bfd547909b0863601d5db71839
DRUCKDATEIEN_SORTIERT/09_SCHIEBEBOX_POWERBANK_100X76X16_V4/01_V14_SCHIEBEBOX_POWERBANK_100X76X16_KABELAUSGANG_V4.stl,208984,4eef7678bc58066735fdedbf7ea236eb0d95e1b501c782e4cdea20e83aa47297
DRUCKDATEIEN_SORTIERT/09_SCHIEBEBOX_POWERBANK_100X76X16_V4/02_SCHIEBEDECKEL_V4.stl,105884,9341709a8fec0dc64242d622ba951eeb1f135933c6e805fb796d7d21fe822507
DRUCKDATEIEN_SORTIERT/09_SCHIEBEBOX_POWERBANK_100X76X16_V4/03_SECHS_VERSENKTE_HEX_HALTECLIPS_NOMINAL_V4.stl,29684,9b5fd90c0badcdce3f257388a0b3c9442482548f930f63f95abd5801cae55ae4
DRUCKDATEIEN_SORTIERT/09_SCHIEBEBOX_POWERBANK_100X76X16_V4/04_NUR_VORSCHAU_NICHT_DRUCKEN/MONTAGE_UNTER_V14_VORSCHAU.stl,360684,53bd350b76e3f78f4687457b4586d1ee7c8fe64a9096111e809248d2bc1b8b5d
DRUCKDATEIEN_SORTIERT/09_SCHIEBEBOX_POWERBANK_100X76X16_V4/04_NUR_VORSCHAU_NICHT_DRUCKEN/POWERBANK_100X76X16_PASSFORM_VORSCHAU.stl,220684,3c5933a9a5bd16cecfe3429acc0967293357aedaaad962ce55c5aad53c973b20
DRUCKDATEIEN_SORTIERT/09_SCHIEBEBOX_POWERBANK_100X76X16_V4/05_QUELLE_UND_PRUEFUNG/01_INNENRAUM_POWERBANK.png,29142,aa501ebbc4c716d853f19bec65a4c160ca90655afedbf81d0ab698738a65b66b
DRUCKDATEIEN_SORTIERT/09_SCHIEBEBOX_POWERBANK_100X76X16_V4/05_QUELLE_UND_PRUEFUNG/02_BOX_AUSSEN.png,32666,6eec6fcf4de0b0a9c7e597fc18b603a5fff2c8a6acbc0c7c70400adc876fbdf8
DRUCKDATEIEN_SORTIERT/09_SCHIEBEBOX_POWERBANK_100X76X16_V4/05_QUELLE_UND_PRUEFUNG/03_SCHIEBEDECKEL.png,20291,08bbf977c334423daed11a5738829e2a02bec677e9e5c5dc282b4f0ad7b2a2b2
DRUCKDATEIEN_SORTIERT/09_SCHIEBEBOX_POWERBANK_100X76X16_V4/05_QUELLE_UND_PRUEFUNG/04_DRAUFSICHT_FAECHER.png,9408,ce763c2469dc3c509b9c4700cc4b22dfbd551612084afc864b1bc430dc663c5e
DRUCKDATEIEN_SORTIERT/09_SCHIEBEBOX_POWERBANK_100X76X16_V4/05_QUELLE_UND_PRUEFUNG/render_sliding_powerbank_box_v4.py,3389,e5eb1d1627543cab73e901b1e1ef24d91796a3bfd85218754194bac9ab19f67e
DRUCKDATEIEN_SORTIERT/09_SCHIEBEBOX_POWERBANK_100X76X16_V4/05_QUELLE_UND_PRUEFUNG/sliding_powerbank_box_v4.py,9651,3665da00ad87a4e840b5c0274c31435050baf6d08180257df44f7223ff7341e7
DRUCKDATEIEN_SORTIERT/09_SCHIEBEBOX_POWERBANK_100X76X16_V4/DRUCKHINWEISE.md,1062,77cb1898525bd841ff72ef269f88b8aa662c56bc49fcd70c7581e58f875c701d
DRUCKDATEIEN_SORTIERT/10_SCHIEBEBOX_POWERBANK_PORTS_V5/00_CLIP_PASSFORM_ZUERST/01_CLIP_LEICHT_9P26.stl,5184,222710f30ee4aa83b2d6d62c88fb68efc40e07bab0dd09f1f0c7e7190a8ee169
DRUCKDATEIEN_SORTIERT/10_SCHIEBEBOX_POWERBANK_PORTS_V5/00_CLIP_PASSFORM_ZUERST/02_CLIP_NOMINAL_9P34.stl,5184,4b7d162501fc36457e093112b92bbd60614b655a90ba345b908923f7473ed3f0
DRUCKDATEIEN_SORTIERT/10_SCHIEBEBOX_POWERBANK_PORTS_V5/00_CLIP_PASSFORM_ZUERST/03_CLIP_FEST_9P42.stl,5184,63059350102a2ade9d685ac26c3f11c5074d07fff322b9e6964af37ff5062f63
DRUCKDATEIEN_SORTIERT/10_SCHIEBEBOX_POWERBANK_PORTS_V5/00_NICHT_DRUCKEN_FALSCHE_AUSSENBREITE_UND_KABELSEITE.md,174,c36661a5534a332ed132ac0cea10a81d0e7ece71afc1b81e6cc0301607329b39
DRUCKDATEIEN_SORTIERT/10_SCHIEBEBOX_POWERBANK_PORTS_V5/01_V14_SCHIEBEBOX_POWERBANK_100X76X16_PORTS_V5.stl,186784,a6654bf546bee7b185eea5aa6cb185ef0c3c378a8c00fb7202e91b5162650855
DRUCKDATEIEN_SORTIERT/10_SCHIEBEBOX_POWERBANK_PORTS_V5/02_SCHIEBEDECKEL_V5.stl,105884,9341709a8fec0dc64242d622ba951eeb1f135933c6e805fb796d7d21fe822507
DRUCKDATEIEN_SORTIERT/10_SCHIEBEBOX_POWERBANK_PORTS_V5/03_SECHS_VERSENKTE_HEX_HALTECLIPS_NOMINAL_V5.stl,29684,9b5fd90c0badcdce3f257388a0b3c9442482548f930f63f95abd5801cae55ae4
DRUCKDATEIEN_SORTIERT/10_SCHIEBEBOX_POWERBANK_PORTS_V5/04_NUR_VORSCHAU_NICHT_DRUCKEN/MONTAGE_UNTER_V14_VORSCHAU.stl,338484,42ff8aa16a83ccc87b51a37391a9451e2ed71945906b2ad7050a20f049ea6f2e
DRUCKDATEIEN_SORTIERT/10_SCHIEBEBOX_POWERBANK_PORTS_V5/04_NUR_VORSCHAU_NICHT_DRUCKEN/POWERBANK_PORTS_PASSFORM_VORSCHAU.stl,198484,7dd59c263aeaa87ddd2dcc4c3de9fc51dd146ff55b5d201737e0205bddba1b10
DRUCKDATEIEN_SORTIERT/10_SCHIEBEBOX_POWERBANK_PORTS_V5/05_QUELLE_UND_PRUEFUNG/01_INNENRAUM_POWERBANK.png,29009,8f6ef08974a94a71101fb69fb723e5c3a810dd6be4b6732a3e8c58bd8bf4603f
DRUCKDATEIEN_SORTIERT/10_SCHIEBEBOX_POWERBANK_PORTS_V5/05_QUELLE_UND_PRUEFUNG/02_BOX_AUSSEN.png,32503,0f805f295bb4e7cf0f928e7b6ba1e8b350df30f9a372c91f13f158034b3a733a
DRUCKDATEIEN_SORTIERT/10_SCHIEBEBOX_POWERBANK_PORTS_V5/05_QUELLE_UND_PRUEFUNG/03_SCHIEBEDECKEL.png,20291,08bbf977c334423daed11a5738829e2a02bec677e9e5c5dc282b4f0ad7b2a2b2
DRUCKDATEIEN_SORTIERT/10_SCHIEBEBOX_POWERBANK_PORTS_V5/05_QUELLE_UND_PRUEFUNG/04_DRAUFSICHT_FAECHER.png,9297,92a17488d0ee590c749581fef190655a569ab620e0749cc59ea18cf98368676c
DRUCKDATEIEN_SORTIERT/10_SCHIEBEBOX_POWERBANK_PORTS_V5/05_QUELLE_UND_PRUEFUNG/render_sliding_powerbank_box_v5.py,3389,040e43386221a5256a856b362a2cccf1e7a8a868bdc3d150179d09fd03688c63
DRUCKDATEIEN_SORTIERT/10_SCHIEBEBOX_POWERBANK_PORTS_V5/05_QUELLE_UND_PRUEFUNG/sliding_powerbank_box_v5.py,9831,afd82f5cebee0027ce9eaed1d5eea09308252b1a5aa3a9675c4d4cf464721666
DRUCKDATEIEN_SORTIERT/10_SCHIEBEBOX_POWERBANK_PORTS_V5/DRUCKHINWEISE.md,1225,3b4de2082589645a267a2d0b7d2a1dc59197f428fb4c53cc0f9d2d99d3f7bcd2
DRUCKDATEIEN_SORTIERT/11_SCHIEBEBOX_EXAKT_V14_HINGE_V6/00_CLIP_PASSFORM_ZUERST/01_CLIP_LEICHT_9P26.stl,5184,222710f30ee4aa83b2d6d62c88fb68efc40e07bab0dd09f1f0c7e7190a8ee169
DRUCKDATEIEN_SORTIERT/11_SCHIEBEBOX_EXAKT_V14_HINGE_V6/00_CLIP_PASSFORM_ZUERST/02_CLIP_NOMINAL_9P34.stl,5184,4b7d162501fc36457e093112b92bbd60614b655a90ba345b908923f7473ed3f0
DRUCKDATEIEN_SORTIERT/11_SCHIEBEBOX_EXAKT_V14_HINGE_V6/00_CLIP_PASSFORM_ZUERST/03_CLIP_FEST_9P42.stl,5184,63059350102a2ade9d685ac26c3f11c5074d07fff322b9e6964af37ff5062f63
DRUCKDATEIEN_SORTIERT/11_SCHIEBEBOX_EXAKT_V14_HINGE_V6/01_V14_SCHIEBEBOX_75P8X155P2_POWERBANK_100X76X16_V6.stl,183684,fba6c4fae5907438c8536ed73387b35cac4007619effe17628a1d2b72c708fdb
DRUCKDATEIEN_SORTIERT/11_SCHIEBEBOX_EXAKT_V14_HINGE_V6/02_SCHIEBEDECKEL_75P8X155P2_V6.stl,105884,2369e483845dfa58d4acc3108746a652b72b70ec7acff6226fcece0741ec94f9
DRUCKDATEIEN_SORTIERT/11_SCHIEBEBOX_EXAKT_V14_HINGE_V6/03_SECHS_VERSENKTE_HEX_HALTECLIPS_NOMINAL_V6.stl,29684,9b5fd90c0badcdce3f257388a0b3c9442482548f930f63f95abd5801cae55ae4
DRUCKDATEIEN_SORTIERT/11_SCHIEBEBOX_EXAKT_V14_HINGE_V6/04_NUR_VORSCHAU_NICHT_DRUCKEN/MONTAGE_UNTER_V14_VORSCHAU.stl,335384,910c300de005c94688b34c0d219a9780444661cbcc1a3673268960c0250a8f34
DRUCKDATEIEN_SORTIERT/11_SCHIEBEBOX_EXAKT_V14_HINGE_V6/04_NUR_VORSCHAU_NICHT_DRUCKEN/POWERBANK_PASSFORM_VORSCHAU.stl,195384,6112f120dd5d353fbc991eb1ae3fd82683d8b8894c49865b670a000c525379d1
DRUCKDATEIEN_SORTIERT/11_SCHIEBEBOX_EXAKT_V14_HINGE_V6/05_QUELLE_UND_PRUEFUNG/01_INNENRAUM_POWERBANK.png,31817,75ae162a28ab074ef81d0f0a99f470a5674e8d0d1970fd8f094569236c11c7d4
DRUCKDATEIEN_SORTIERT/11_SCHIEBEBOX_EXAKT_V14_HINGE_V6/05_QUELLE_UND_PRUEFUNG/02_BOX_AUSSEN.png,34641,3337a07497c92a9374cc4fa42898b5962c0d2dfd54b87d35c9e571365540d53b
DRUCKDATEIEN_SORTIERT/11_SCHIEBEBOX_EXAKT_V14_HINGE_V6/05_QUELLE_UND_PRUEFUNG/03_SCHIEBEDECKEL.png,21239,ac54f6ad2fc547924b88492c60c77fc196c34b8f0696acc3285729708e11b181
DRUCKDATEIEN_SORTIERT/11_SCHIEBEBOX_EXAKT_V14_HINGE_V6/05_QUELLE_UND_PRUEFUNG/04_DRAUFSICHT_FAECHER.png,9372,67ea676da7de8382f3283635eb36bf32720cef71c7d2359fc733e22df5f23532
DRUCKDATEIEN_SORTIERT/11_SCHIEBEBOX_EXAKT_V14_HINGE_V6/05_QUELLE_UND_PRUEFUNG/05_MONTAGE_UNTER_V14_SCHARNIERSEITE.png,44638,74171502aa5c3719cb9ad39ab2b1a1f2f2f690b94743d93b7e737a1329d1534b
DRUCKDATEIEN_SORTIERT/11_SCHIEBEBOX_EXAKT_V14_HINGE_V6/05_QUELLE_UND_PRUEFUNG/render_sliding_powerbank_box_v6.py,3898,9eb3061f11d559048251eb7b28a4d31be64f7b299e903546d3f2019b52441578
DRUCKDATEIEN_SORTIERT/11_SCHIEBEBOX_EXAKT_V14_HINGE_V6/05_QUELLE_UND_PRUEFUNG/sliding_powerbank_box_v6.py,10794,c023315d0cfb4c410addb1c01ce520294f4a85f372e53738ac8c2921f7dbfeef
DRUCKDATEIEN_SORTIERT/11_SCHIEBEBOX_EXAKT_V14_HINGE_V6/DRUCKHINWEISE.md,1459,ee3fbc7686652cc214f00111c31ad88cda0c00de2b044e2e3570cc878d87c0c3
DRUCKDATEIEN_SORTIERT/12_V14_KLAPPSTANDFUSS_M3_V1/00_CLIP_PASSFORM_ZUERST/04_CLIP_PASSFORM_9P26_9P34_9P42.stl,15584,8589986faf24a220e0ae790dc421aa953c910a80b20db83736d61ee272764725
DRUCKDATEIEN_SORTIERT/12_V14_KLAPPSTANDFUSS_M3_V1/01_V14_HEX_STANDFUSS_BASIS.stl,70684,f575d59ac4f150ca968cfcbe4db0e6aca70996eed10811c04663421a849d8121
DRUCKDATEIEN_SORTIERT/12_V14_KLAPPSTANDFUSS_M3_V1/02_KLAPPBUEGEL_M3.stl,94484,1d59ef9d24a1f08ccfd47816511eb0500ba06309d7422fc03670db6c189e8878
DRUCKDATEIEN_SORTIERT/12_V14_KLAPPSTANDFUSS_M3_V1/03_VIER_HEX_HALTECLIPS_NOMINAL_9P34.stl,19284,cac8ca939a68974bf09db84a8dc24791a90e7438a7e012b062e24061d2accb10
DRUCKDATEIEN_SORTIERT/12_V14_KLAPPSTANDFUSS_M3_V1/04_NUR_VORSCHAU_NICHT_DRUCKEN/01_STANDFUSS_EINGEKLAPPT.stl,165084,f8efa2452dbf2befa27d5b86d5495d428dcc4ccd14d02799a39f5fded3b3e58a
DRUCKDATEIEN_SORTIERT/12_V14_KLAPPSTANDFUSS_M3_V1/04_NUR_VORSCHAU_NICHT_DRUCKEN/02_STANDFUSS_AUFGEKLAPPT_25GRAD.stl,165084,53bef103c1cffd122bbd207ae22a4988520213b645e1cf57c9edcf2a5e9665a9
DRUCKDATEIEN_SORTIERT/12_V14_KLAPPSTANDFUSS_M3_V1/04_NUR_VORSCHAU_NICHT_DRUCKEN/03_MONTAGE_AN_V14_HANDYHAELFTE.stl,1163184,5f6211afcf387b8d9c078341d07871a34823c444cdd3cb79f1e018a116578c75
DRUCKDATEIEN_SORTIERT/12_V14_KLAPPSTANDFUSS_M3_V1/04_NUR_VORSCHAU_NICHT_DRUCKEN/04_CYBERDECK_MIT_STANDFUSS_AUF_TISCH.stl,1303184,fd602d5cfe07d93db02c443973bc83cc110259ddb884e45e0692b740cea97771
DRUCKDATEIEN_SORTIERT/12_V14_KLAPPSTANDFUSS_M3_V1/05_QUELLE_UND_PRUEFUNG/PRUEFBILDER/01_EINGEKLAPPT.png,31523,b5cd00e04c3f58e51ade7a23b14231018ca1e4901295e0f6485f8096546dc9c8
DRUCKDATEIEN_SORTIERT/12_V14_KLAPPSTANDFUSS_M3_V1/05_QUELLE_UND_PRUEFUNG/PRUEFBILDER/02_AUFGEKLAPPT.png,24030,c3158968d90630cc5f0a4cee30125f4e731c3618d28763a6234df67fb3bc24b4
DRUCKDATEIEN_SORTIERT/12_V14_KLAPPSTANDFUSS_M3_V1/05_QUELLE_UND_PRUEFUNG/PRUEFBILDER/03_AN_V14_HANDYHAELFTE.png,68936,b4cea17ed2366a2dd213a7745acfc5f52841d2e922dc3cbde030335a967aa158
DRUCKDATEIEN_SORTIERT/12_V14_KLAPPSTANDFUSS_M3_V1/05_QUELLE_UND_PRUEFUNG/PRUEFBILDER/04_GESAMTES_CYBERDECK_STANDFEST.png,90029,4a0de74a592300f1bb47a3fa2c1064c6b3475236092faa726f8d64fa940775ba
DRUCKDATEIEN_SORTIERT/12_V14_KLAPPSTANDFUSS_M3_V1/05_QUELLE_UND_PRUEFUNG/kickstand_module_v1.py,15565,8ceabade0b81b8284802f7a582bf75abf51ac30f28fa446336cc946c60945cbf
DRUCKDATEIEN_SORTIERT/12_V14_KLAPPSTANDFUSS_M3_V1/05_QUELLE_UND_PRUEFUNG/render_kickstand_module_v1.py,3104,07513db92e2e97f4936dabe2ce4d16e2f80dace3c7a8f3be66d2832fb2d53672
DRUCKDATEIEN_SORTIERT/12_V14_KLAPPSTANDFUSS_M3_V1/DRUCKHINWEISE.md,2063,a233e9efa9ec5160f2a6ba0c9943ded74ba5530adb1c30df37865235cbba8ef9
DRUCKDATEIEN_SORTIERT/12_V14_KLAPPSTANDFUSS_M3_V1/PRUEFBERICHT.txt,424,996395c529fe7dfacaf13989d4a0bb1790edbc936208878287c945a99100e0a4
DRUCKDATEIEN_SORTIERT/12_V6_CLIPS_EINRASTKRAGEN_PLUS1MM/01_CLIP_EINZELTEST_EINRASTKRAGEN_10P34_PLUS1MM.stl,5984,c914b8463d55ac23feff88075f3a3b0f1477b40a05ffa8818400a8d56845fcf5
DRUCKDATEIEN_SORTIERT/12_V6_CLIPS_EINRASTKRAGEN_PLUS1MM/02_SECHS_CLIPS_EINRASTKRAGEN_10P34_PLUS1MM.stl,34284,a102cbcffdb4075c46cae8c151b2a860aaddee3da4ac24f03310c7308cce3416
DRUCKDATEIEN_SORTIERT/12_V6_CLIPS_EINRASTKRAGEN_PLUS1MM/03_PRUEFUNG/01_CLIP_PLUS1MM.png,13461,30aff9b06ac291663686483770525411dbf74f6fa3239997069202e59449b800
DRUCKDATEIEN_SORTIERT/12_V6_CLIPS_EINRASTKRAGEN_PLUS1MM/03_PRUEFUNG/02_SECHS_CLIPS_PLUS1MM.png,23158,75e9cf136e3c745963d6fcde1480f4cb940e381486665f2393a821b33631d15d
DRUCKDATEIEN_SORTIERT/12_V6_CLIPS_EINRASTKRAGEN_PLUS1MM/03_PRUEFUNG/v6_mount_clips_plus1mm.py,1356,6ce60fe39feb4076ee47cd9603aed9fad7542bd72f3fa0417cbd599ffe44e0a2
DRUCKDATEIEN_SORTIERT/12_V6_CLIPS_EINRASTKRAGEN_PLUS1MM/DRUCKHINWEIS.md,391,644977234b99ab6dc753d1b18a5a7b0470d06df92a55b44292637aa48eee80c5
DRUCKDATEIEN_SORTIERT/13_V14_ELEGANTER_RINGSTAND_M3_V2/00_CLIP_PASSFORM_ZUERST/04_CLIP_PASSFORM_9P26_9P34_9P42.stl,15584,8589986faf24a220e0ae790dc421aa953c910a80b20db83736d61ee272764725
DRUCKDATEIEN_SORTIERT/13_V14_ELEGANTER_RINGSTAND_M3_V2/00_CLIP_PASSFORM_ZUERST/05_EINZELCLIP_LEICHT_9P26.stl,5184,ec23927ae02d08f4b2506f3828460f5ebaed0b9bd3b1198f6a48648450ec01d0
DRUCKDATEIEN_SORTIERT/13_V14_ELEGANTER_RINGSTAND_M3_V2/00_CLIP_PASSFORM_ZUERST/06_EINZELCLIP_NOMINAL_9P34.stl,5184,a0933b23f2d1fc027b3d0c2b1162fb144a52762e22ab699726826c02c1b54a3a
DRUCKDATEIEN_SORTIERT/13_V14_ELEGANTER_RINGSTAND_M3_V2/00_CLIP_PASSFORM_ZUERST/07_EINZELCLIP_FEST_9P42.stl,5184,07acab5204fb729eba3415995ed87585f84e067b8347385c56c206c51df105b2
DRUCKDATEIEN_SORTIERT/13_V14_ELEGANTER_RINGSTAND_M3_V2/01_V14_HEX_RINGSTAND_BASIS_60MM.stl,147784,c2212613f0bc1da6289ed924d9d7f3a33ae64148aa83d970695aaf874679bada
DRUCKDATEIEN_SORTIERT/13_V14_ELEGANTER_RINGSTAND_M3_V2/02_ELEGANTER_KLAPPRING_M3.stl,115984,9b25801b4e408be2906d09505f4ed621505c41a35418f150a68bf9d4582c0395
DRUCKDATEIEN_SORTIERT/13_V14_ELEGANTER_RINGSTAND_M3_V2/03_VIER_HEX_HALTECLIPS_NOMINAL_9P34.stl,19284,cac8ca939a68974bf09db84a8dc24791a90e7438a7e012b062e24061d2accb10
DRUCKDATEIEN_SORTIERT/13_V14_ELEGANTER_RINGSTAND_M3_V2/04_NUR_VORSCHAU_NICHT_DRUCKEN/01_RING_EINGEKLAPPT.stl,263684,98ac982fc75377519301784c86f21f6c8dc26ba6027aa42e23a4d51c089432e1
DRUCKDATEIEN_SORTIERT/13_V14_ELEGANTER_RINGSTAND_M3_V2/04_NUR_VORSCHAU_NICHT_DRUCKEN/02_RING_AUFGEKLAPPT.stl,263684,8e5c6877c3f78b19c2e95b270cf6d3cb72012830d610a618f47653d6cb5a7737
DRUCKDATEIEN_SORTIERT/13_V14_ELEGANTER_RINGSTAND_M3_V2/04_NUR_VORSCHAU_NICHT_DRUCKEN/03_RING_AN_V14_HANDYHAELFTE.stl,1261784,9d104e02b76b6522663c30824007bb5e5d4141517953dcfd88160084ca697604
DRUCKDATEIEN_SORTIERT/13_V14_ELEGANTER_RINGSTAND_M3_V2/04_NUR_VORSCHAU_NICHT_DRUCKEN/04_CYBERDECK_MIT_RINGSTAND_AUF_TISCH.stl,1401784,05e560a9b0a995797f96b3ac9b6542eaa48b1fec602b16bf6d70ef1f08fa5159
DRUCKDATEIEN_SORTIERT/13_V14_ELEGANTER_RINGSTAND_M3_V2/05_QUELLE_UND_PRUEFUNG/PRUEFBERICHT.txt,838,309352bfdcff6c52d7e6947716a1113e9752636e1550235308ba68993d9b0e83
DRUCKDATEIEN_SORTIERT/13_V14_ELEGANTER_RINGSTAND_M3_V2/05_QUELLE_UND_PRUEFUNG/PRUEFBILDER/01_EINGEKLAPPT.png,47235,d5e896020bec4876abf7762534cf7b3ab869ed0afdec555ef361678cc9dc1de0
DRUCKDATEIEN_SORTIERT/13_V14_ELEGANTER_RINGSTAND_M3_V2/05_QUELLE_UND_PRUEFUNG/PRUEFBILDER/02_AUFGEKLAPPT.png,39310,0ce3da9ddee091c0b4d0341c4facb67c77491f0e113f62dedc57a8c01a408d30
DRUCKDATEIEN_SORTIERT/13_V14_ELEGANTER_RINGSTAND_M3_V2/05_QUELLE_UND_PRUEFUNG/PRUEFBILDER/03_AN_V14_HANDYHAELFTE.png,74427,666d70d13e6604f7a1f24a76a4d981a8ad1929723fbb2b417f38072ba7c65086
DRUCKDATEIEN_SORTIERT/13_V14_ELEGANTER_RINGSTAND_M3_V2/05_QUELLE_UND_PRUEFUNG/PRUEFBILDER/04_GESAMTES_CYBERDECK_STANDFEST.png,97210,7c667ce57413346e125f2a15dae8713c1d2331c60dea46a918d275b645e90420
DRUCKDATEIEN_SORTIERT/13_V14_ELEGANTER_RINGSTAND_M3_V2/05_QUELLE_UND_PRUEFUNG/elegant_ringstand_module_v2.py,19232,f8ee33cc87bad7f4e7850e13903511fca273df723ed5eb3bcf69c1beb54e4d33
DRUCKDATEIEN_SORTIERT/13_V14_ELEGANTER_RINGSTAND_M3_V2/05_QUELLE_UND_PRUEFUNG/render_elegant_ringstand_module_v2.py,3064,0c832b86daef5706e2d80e5e6d336353a6be7badf02c0edfcd901124509ac1f9
DRUCKDATEIEN_SORTIERT/13_V14_ELEGANTER_RINGSTAND_M3_V2/DRUCK_UND_MONTAGE.md,2400,f4bbeb7aad602a3a289faebb44e5d629ef97fade391d681414fcc293c4591aae
DRUCKDATEIEN_SORTIERT/99_ARCHIV_ALTE_VERSIONEN_NICHT_DRUCKEN/ALTE_VORSCHAUEN/cyberdeck-v1-assembly-preview-open-hex-no-stop-180deg.stl,1098884,7457f40a920899c3542034d9d56bb5f63b2dfb3d7f3b15b04a9fb4fe12bbba19
DRUCKDATEIEN_SORTIERT/99_ARCHIV_ALTE_VERSIONEN_NICHT_DRUCKEN/ALTE_VORSCHAUEN/cyberdeck-v1-assembly-preview-open-hex.stl,1102284,afd7d88dfb21b3dc8b9763dfc7b7c15d0c31b4b6b487b9a581004283c08a2287
DRUCKDATEIEN_SORTIERT/99_ARCHIV_ALTE_VERSIONEN_NICHT_DRUCKEN/ALTE_VORSCHAUEN/cyberdeck-v1-assembly-preview.stl,1080684,c8bee5f3d139b05b1f5f53a3878828a2bbc03aaf447a480e366417a4a0f9b0eb
DRUCKDATEIEN_SORTIERT/99_ARCHIV_ALTE_VERSIONEN_NICHT_DRUCKEN/ALTE_VORSCHAUEN/cyberdeck-v2-reference-assembly-180deg.stl,1172584,4f01313e81350e5998af90a4b13045f89f6423e252344ac3f039a7beabd4cbe1
DRUCKDATEIEN_SORTIERT/99_ARCHIV_ALTE_VERSIONEN_NICHT_DRUCKEN/ALTE_VORSCHAUEN/cyberdeck-v2-reference-assembly-closed.stl,1172584,92c43b9ca48c6117651ae1ac64766566ad4b6ecd510f4eff9378dedbac73b7cf
DRUCKDATEIEN_SORTIERT/99_ARCHIV_ALTE_VERSIONEN_NICHT_DRUCKEN/ALTE_VORSCHAUEN/cyberdeck-v2-reference-assembly-open.stl,1172584,644cb5d80da61d375b560d26ec4810fdc40ac968029960c244cc7b5099e886b2
DRUCKDATEIEN_SORTIERT/99_ARCHIV_ALTE_VERSIONEN_NICHT_DRUCKEN/V3_180_GRAD_NICHT_DRUCKEN.stl,1142384,c2d32d4bdc9371b8c319b7274d796eb7b7467761e80725763d969cf6ec16476e
DRUCKDATEIEN_SORTIERT/99_ARCHIV_ALTE_VERSIONEN_NICHT_DRUCKEN/V3_ARBEITSSTELLUNG_NICHT_DRUCKEN.stl,1142384,17895a7413a318a5c9c5fefcc86e48a0a7916ee9e49b7c71d5df8dc6ce89b63e
DRUCKDATEIEN_SORTIERT/99_ARCHIV_ALTE_VERSIONEN_NICHT_DRUCKEN/V3_GESCHLOSSEN_NICHT_DRUCKEN.stl,1142384,bb14205eb5849c6f9dbc03a242d561efa96d4f889fa7db4172b99a7c75ff03d6
DRUCKDATEIEN_SORTIERT/99_ARCHIV_ALTE_VERSIONEN_NICHT_DRUCKEN/V3_HANDYHAELFTE_PIXEL_6A_M5_WABEN.stl,981084,d35951ecca28b3891f68fb49eaab7eaa47f826f134074983f7514cc34a527d23
DRUCKDATEIEN_SORTIERT/99_ARCHIV_ALTE_VERSIONEN_NICHT_DRUCKEN/V3_K06_PASSLEHRE.stl,18184,0d79ae20551a5e9d6e87d47dbbd0a1ebd68ba15e40e755460dcd63dcc595671d
DRUCKDATEIEN_SORTIERT/99_ARCHIV_ALTE_VERSIONEN_NICHT_DRUCKEN/V3_M5_SCHARNIER_TEST.stl,32484,a52ce7e0ead8ef534e63d2f5e6a6faeb453eb33f3834dd302df58fd17cf7db84
DRUCKDATEIEN_SORTIERT/99_ARCHIV_ALTE_VERSIONEN_NICHT_DRUCKEN/V3_TASTATURHAELFTE_K06_M5.stl,161384,84bb9420894acdfa2d8a5563ae3981d3205350c0d447add8e8a86f605e2bbc02
DRUCKDATEIEN_SORTIERT/99_ARCHIV_ALTE_VERSIONEN_NICHT_DRUCKEN/V3_UEBERSICHT.png,139349,6e3adad35fb3f02872a2f7caad7a159b8158789a594a7207ae637c1323f9448b
DRUCKDATEIEN_SORTIERT/99_ARCHIV_ALTE_VERSIONEN_NICHT_DRUCKEN/V3_VERSCHLUSS_TEST.stl,6284,0b84a5dd35d7063fe766f6c30e9e873ea18f3794d3e367b541b1fd846ee9f661
DRUCKDATEIEN_SORTIERT/99_ARCHIV_ALTE_VERSIONEN_NICHT_DRUCKEN/V5_NICHT_DRUCKEN/01_M5_SCHARNIER_TEST_V5.stl,32484,6951c26542709c206e6cc45419d002dc8feea35b0a68df1661adbf576d671044
DRUCKDATEIEN_SORTIERT/99_ARCHIV_ALTE_VERSIONEN_NICHT_DRUCKEN/V5_NICHT_DRUCKEN/01_TASTATURHAELFTE_K06_59P6MM_M5_V5.stl,168484,78437111c95ba73d232495c482b383f9c82c3bbe07974e941765877981bf04c2
DRUCKDATEIEN_SORTIERT/99_ARCHIV_ALTE_VERSIONEN_NICHT_DRUCKEN/V5_NICHT_DRUCKEN/02_HANDYHAELFTE_PIXEL6A_M5_V5.stl,992484,5b0c3a83f2b6216956b5ca801c182311937dd031d49b07f4c85acaa09270679a
DRUCKDATEIEN_SORTIERT/99_ARCHIV_ALTE_VERSIONEN_NICHT_DRUCKEN/V5_NICHT_DRUCKEN/02_VERSCHLUSS_TEST_V5.stl,6284,65b03e7054bf8fb146c24686d585320e5db2da9bea6e1ac195c60ebb2e70ee57
DRUCKDATEIEN_SORTIERT/99_ARCHIV_ALTE_VERSIONEN_NICHT_DRUCKEN/V5_NICHT_DRUCKEN/03_K06_PASSLEHRE_59P6MM_V5.stl,17784,6d1ebe49dc8e092fc0eb54792611d3d62297d20ff76b4bebf98c8f0708622cb7
DRUCKDATEIEN_SORTIERT/99_ARCHIV_ALTE_VERSIONEN_NICHT_DRUCKEN/cyberdeck-v1-hex-clip-test.stl,63584,ef4cb764439c2fb532156951f25b9679da1355fffd1bba1d1de391c2b3f4012f
DRUCKDATEIEN_SORTIERT/99_ARCHIV_ALTE_VERSIONEN_NICHT_DRUCKEN/cyberdeck-v1-keyboard-k06-no-stop.stl,111884,00f36b27d9f920c4735507e25711d60b9dd932dbd159640c60752fb02c2ed93d
DRUCKDATEIEN_SORTIERT/99_ARCHIV_ALTE_VERSIONEN_NICHT_DRUCKEN/cyberdeck-v1-keyboard-k06.stl,114884,d6195d66b36a5fbcaa92598a549524548c61c4efd792aa2dff6ff7de17288dcb
DRUCKDATEIEN_SORTIERT/99_ARCHIV_ALTE_VERSIONEN_NICHT_DRUCKEN/cyberdeck-v1-phone-pixel6a-hex-no-edge.stl,946884,4714d1b04b9f51a6b15e666d29e885bb2ea000c694e5e6909cb6a5c57af1439f
DRUCKDATEIEN_SORTIERT/99_ARCHIV_ALTE_VERSIONEN_NICHT_DRUCKEN/cyberdeck-v1-phone-pixel6a-hex.stl,965884,2ab2e7d8ff6789554db43e4cd1a50f1889b48b17956caf81ca4b7f01af09b6b4
DRUCKDATEIEN_SORTIERT/99_ARCHIV_ALTE_VERSIONEN_NICHT_DRUCKEN/cyberdeck-v1-phone-pixel6a-open-hex-no-edge-no-stop.stl,987084,52fc105e2c59a31a0378650b48dcfd3a174d9c885a2e5e710e2e8b1ecfdd1a25
DRUCKDATEIEN_SORTIERT/99_ARCHIV_ALTE_VERSIONEN_NICHT_DRUCKEN/cyberdeck-v1-phone-pixel6a-open-hex-no-edge.stl,987484,c961765a258e2fd0c4c60e94d70330b59595e9010fbb8230926a0ee906968dd1
DRUCKDATEIEN_SORTIERT/99_ARCHIV_ALTE_VERSIONEN_NICHT_DRUCKEN/cyberdeck-v1-phone-pixel6a-open-hex.stl,1006484,51a7d524547173800e709740e3b3f0ca996a2382925dcbdae293f831d6ea6a15
DRUCKDATEIEN_SORTIERT/99_ARCHIV_ALTE_VERSIONEN_NICHT_DRUCKEN/cyberdeck-v2-reference-keyboard-k06.stl,172384,2486bad2c2390cd4631191bc86fbad7cf79628834ea76c68a5580df6cb8486c4
DRUCKDATEIEN_SORTIERT/99_ARCHIV_ALTE_VERSIONEN_NICHT_DRUCKEN/cyberdeck-v2-reference-phone-pixel6a-open-hex.stl,1000284,f59b61062f7212da53b7217e98d24868169994fb0d85b69735fe9fca95c449fc
DRUCKDATEIEN_SORTIERT/HIER_STARTEN.md,1727,caac02c65968a86eba577d65f6bbaf2a93078c87fc26eba167cc3c3e9c137110
REFERENZEN_UND_ORIGINALE/Customizable_Sliding_Lid_Box_REFERENCE.stl,286884,0d3ae15c5fa197c076fe91286e851c57d2b7c95a8302b6d312ea70e0989903cc
REFERENZEN_UND_ORIGINALE/Pixel6a-phone-case.stl,822084,4f1aac410ba273b3a33305c093c32f09df97748e05041282a8805f4cc933ffdc
REFERENZEN_UND_ORIGINALE/cyberdeck-case-for-oneplus-10-pro-model_files/1266142-cyberdeck-case-for-oneplus-10-pro-a2d30bd6-9b57-436f-9a51-e6789a863937.pdf,359256,368a7677866222c424311786aafbfcf3ce57aa9eef49472307a08d8b4fd4a181
REFERENZEN_UND_ORIGINALE/cyberdeck-case-for-oneplus-10-pro-model_files/breadboardconnection.stl,26384,5a22b79e481b8d11c5a67812d94f40972fa9b8b0030d0e35554ffc3dcd5a5621
REFERENZEN_UND_ORIGINALE/cyberdeck-case-for-oneplus-10-pro-model_files/keyboardcase.stl,81784,8ec9595bb8c5dafdb4667088b97e99db61975910f8ac24dc29560e2c1938f210
REFERENZEN_UND_ORIGINALE/cyberdeck-case-for-oneplus-10-pro-model_files/phonecase.stl,396184,622f5384dd26b73c6ed077697d39676bd7c0d1d5af070a9cc8aa3bbe5a058f7e
REFERENZEN_UND_ORIGINALE/cyberdeck-case-for-oneplus-10-pro-model_files.zip,520440,9735124e5c63e79ce3499371f6ed50de432339d2f2baf1027e6733cc8cbe3b12
REFERENZEN_UND_ORIGINALE/version-5-0-i-think-its-finally-done-v0-yndw3f1mkxuf1.webp,226372,9a556de08f42714ef351db5d5448c92f6a7ec63d2c3efd927ce096a3adce5b5f
design/README.md,924,8e2da7f8c174725a193a718e922820960ddc3d8627766be5e906be5344a396db
design/__pycache__/cyberdeck_v1.cpython-314.pyc,64328,6f7859cb4f5eee9de0ee3ee51bddd587b410d17986c52fee46c06b0a4673cd68
design/__pycache__/elegant_ringstand_module_v2.cpython-314.pyc,32281,67a633a61329b27a5cfe6ff2b2109da1b7753eb723d9210b7340208f8cf92483
design/__pycache__/sliding_powerbank_box_v6.cpython-314.pyc,16904,2c2c4821bc2e350a6b252403d5e9870514805027fd3a7641f51c18fe4ab321df
design/cyberdeck_v1.py,56065,e7f8f11378759a66e926ee1a960b5aac750ce551ce6788dcd4a14d1e9fc2e40a
design/elegant_ringstand_module_v2.py,19232,f8ee33cc87bad7f4e7850e13903511fca273df723ed5eb3bcf69c1beb54e4d33
design/kickstand_module_v1.py,15565,8ceabade0b81b8284802f7a582bf75abf51ac30f28fa446336cc946c60945cbf
design/output/cyberdeck-v1-assembly-preview-open-hex-no-stop-180deg.stl,1113884,4e1d01033a4fe64b712d20643a4e1866433338850a73c2ae1f119de5382de2ab
design/output/cyberdeck-v1-assembly-preview-open-hex.stl,1117284,65673199df3a92b92ac0b0a3819d9542896e84d01cec7ec83a9b7ef43580a377
design/output/cyberdeck-v1-assembly-preview.stl,1078684,ffdb75087f8399f90627f3e1abf953f82fd886aa198b89929d3dd65148b1307c
design/output/cyberdeck-v1-hex-clip-test.stl,63584,ef4cb764439c2fb532156951f25b9679da1355fffd1bba1d1de391c2b3f4012f
design/output/cyberdeck-v1-keyboard-k06-no-stop.stl,111884,7bde4472ad490267849af2659296091adeed39079293da68db6e0a33243d115f
design/output/cyberdeck-v1-keyboard-k06.stl,114884,65698f830bb292cce320ad6ba2b60d3b90517637f1d827465748c7fe8e78ae41
design/output/cyberdeck-v1-open-hex-clip-test.stl,67984,a8ec60aac99fa6edfe271a1614dabb22a877a20492d0acb6502964273be6415a
design/output/cyberdeck-v1-phone-pixel6a-hex-no-edge.stl,961884,243fa93da02cf43b0a8d02d3ea8bcbf7a15357bf8b1aacc8cec20e5312ac10ae
design/output/cyberdeck-v1-phone-pixel6a-hex.stl,963884,0b4ef3bb7352b3fe417ebbf1ec1321760e9a6add4f4246bb8b5421d9b8140dda
design/output/cyberdeck-v1-phone-pixel6a-open-hex-no-edge-no-stop.stl,1002084,012bcca377f5da83a9c4f79f7adb17de0008472713b87c0e377f5d913f66627d
design/output/cyberdeck-v1-phone-pixel6a-open-hex-no-edge.stl,1002484,e90bbe261f8a3d83d6dfec983d7074e018e8791a8c2a20898245d462402f0ca2
design/output/cyberdeck-v1-phone-pixel6a-open-hex.stl,1004484,205da1948db48e8656ff26877d6ae031838b00d53cc24ee26eb5ed998e529d68
design/output/cyberdeck-v10-clean-matched-k06-59p6mm-keyboard-m5.stl,140884,1c635444ad0f0ede0bf510eb8f0ca173f9f514db6645141795738bcb3b74df46
design/output/cyberdeck-v10-k06-59p6mm-fit-gauge.stl,17784,6d1ebe49dc8e092fc0eb54792611d3d62297d20ff76b4bebf98c8f0708622cb7
design/output/cyberdeck-v10-m5-hinge-clearance-test.stl,32484,6951c26542709c206e6cc45419d002dc8feea35b0a68df1661adbf576d671044
design/output/cyberdeck-v10-matched-assembly-180deg.stl,1138184,e1fd0aa6fd8af5e311f8e24d69cf4a0adaf96ab4ef027a8985a3e840bb2d4aa3
design/output/cyberdeck-v10-matched-assembly-closed.stl,1138184,7e99c95d3543c2badd6f997ee972aa28939445cd9e9ceb344005aaf58fae0a9d
design/output/cyberdeck-v10-matched-assembly-open.stl,1138184,a0ba6b7e5a012ca146eabd5535a2696d4d71877ad32ea8198e15cba3cf63b971
design/output/cyberdeck-v10-pixel6a-m5-open-hex.stl,988784,358c5ba594c96161a9061c27b57bab013ff23defda845f45636d20c5ef119dea
design/output/cyberdeck-v10-removable-end-clip-print-twice.stl,1484,81db25fb977badffa74526cf52855eb8d68640fddade7a982d41b941fb7f43b3
design/output/cyberdeck-v11-matched-rounded-hinge-k06-59p6mm-keyboard-m5.stl,141284,17146242024745381762cfdf4ff718fedaeb23a95243d2cc5b0ef0d9e6001a2c
design/output/cyberdeck-v11-pixel6a-m5-open-hex.stl,988784,358c5ba594c96161a9061c27b57bab013ff23defda845f45636d20c5ef119dea
design/output/cyberdeck-v12-flush-rounded-hinge-k06-59p6mm-keyboard-m5.stl,140084,71f0505863a96ffc0904a575ce37b011f2bf9ce57d4e9b23fd08336d39e18123
design/output/cyberdeck-v12-pixel6a-m5-open-hex.stl,988784,358c5ba594c96161a9061c27b57bab013ff23defda845f45636d20c5ef119dea
design/output/cyberdeck-v13-clean-phone-hinge-pixel6a-m5-open-hex.stl,983184,e70d1d81d7b4154d26cc6db1a62558d4b4da421d5f817e5fa9f2de1657678271
design/output/cyberdeck-v13-k06-59p6mm-keyboard-m5.stl,140084,71f0505863a96ffc0904a575ce37b011f2bf9ce57d4e9b23fd08336d39e18123
design/output/cyberdeck-v14-k06-59p6mm-keyboard-m5.stl,140084,71f0505863a96ffc0904a575ce37b011f2bf9ce57d4e9b23fd08336d39e18123
design/output/cyberdeck-v14-phone-no-inner-ledge-pixel6a-m5-open-hex.stl,998184,5f12c6872626130a2a58b0e1c3e8def4fe1babd85ea78e9b70049f643359d37c
design/output/cyberdeck-v2-multi-adapter-cradle.stl,28684,382d931228b6c92ee8d48acd6cda4b5dd101896ef4f3939cd80a75d801009adf
design/output/cyberdeck-v2-multi-adapter-fit-preview.stl,40484,16126004c22396239ad927e40edcf89c0368330dbe5b68254923479d76de66ce
design/output/cyberdeck-v2-multi-adapter-mount-pins.stl,78084,7ad5d6e41cbbc38101a2d06b9a906f7d71c6d31e0294839329fd0147daf70f1c
design/output/cyberdeck-v2-phone-with-multi-adapter-preview.stl,1038584,7fffbbd66311f37f2f50d065ed0d470222f1e57386ecdf09d9913efed884c6c7
design/output/cyberdeck-v2-reference-assembly-180deg.stl,1172584,4f01313e81350e5998af90a4b13045f89f6423e252344ac3f039a7beabd4cbe1
design/output/cyberdeck-v2-reference-assembly-closed.stl,1172584,92c43b9ca48c6117651ae1ac64766566ad4b6ecd510f4eff9378dedbac73b7cf
design/output/cyberdeck-v2-reference-assembly-open.stl,1172584,644cb5d80da61d375b560d26ec4810fdc40ac968029960c244cc7b5099e886b2
design/output/cyberdeck-v2-reference-keyboard-k06.stl,172384,2486bad2c2390cd4631191bc86fbad7cf79628834ea76c68a5580df6cb8486c4
design/output/cyberdeck-v2-reference-phone-pixel6a-open-hex.stl,1000284,f59b61062f7212da53b7217e98d24868169994fb0d85b69735fe9fca95c449fc
design/output/cyberdeck-v3-k06-fit-gauge.stl,18184,0d79ae20551a5e9d6e87d47dbbd0a1ebd68ba15e40e755460dcd63dcc595671d
design/output/cyberdeck-v3-latch-test.stl,6284,0b84a5dd35d7063fe766f6c30e9e873ea18f3794d3e367b541b1fd846ee9f661
design/output/cyberdeck-v3-m5-hinge-test.stl,32484,a52ce7e0ead8ef534e63d2f5e6a6faeb453eb33f3834dd302df58fd17cf7db84
design/output/cyberdeck-v3-preflight-assembly-180deg.stl,1142984,8d1c2e841b6a724ab96828595b7a4b1b50e1330041a4e681cbe5a1cd141a89f4
design/output/cyberdeck-v3-preflight-assembly-closed.stl,1142984,028a26d665860227c57f894d31ca26fa4abc1e9ba02b719d2ca83124fd22949c
design/output/cyberdeck-v3-preflight-assembly-open.stl,1142984,bb011d5a43f97259638f21afb1bee9be4066ba268acb5b75d8f90da7f4c31c6a
design/output/cyberdeck-v3-preflight-keyboard-k06-m5.stl,161984,978a765320eeade3e8580242f0bdf9c78a9d39f618b1cba96d9dc07a565da8aa
design/output/cyberdeck-v3-preflight-phone-pixel6a-m5-open-hex.stl,981084,d35951ecca28b3891f68fb49eaab7eaa47f826f134074983f7514cc34a527d23
design/output/cyberdeck-v4-k06-fit-gauge.stl,17784,6d1ebe49dc8e092fc0eb54792611d3d62297d20ff76b4bebf98c8f0708622cb7
design/output/cyberdeck-v4-latch-test.stl,6284,65b03e7054bf8fb146c24686d585320e5db2da9bea6e1ac195c60ebb2e70ee57
design/output/cyberdeck-v4-m5-hinge-clearance-test.stl,32484,6951c26542709c206e6cc45419d002dc8feea35b0a68df1661adbf576d671044
design/output/cyberdeck-v4-reference-master-assembly-180deg.stl,1160884,73ca10d406ccaeb7d6c25453842436cbbf059526f3eb6c40d1c814294df68f45
design/output/cyberdeck-v4-reference-master-assembly-closed.stl,1160884,74aa54cd3300138351a22371eb000d9c2d14d1b9f515d4784fd8f8dbd750036f
design/output/cyberdeck-v4-reference-master-assembly-open.stl,1160884,f5f8310a831e9a6d89cdf348d42bc1fdbe319e0bcdbeadfcd325ebf680cfd8aa
design/output/cyberdeck-v4-reference-master-keyboard-k06-m5.stl,168484,78437111c95ba73d232495c482b383f9c82c3bbe07974e941765877981bf04c2
design/output/cyberdeck-v4-reference-master-phone-pixel6a-m5-open-hex.stl,992484,5b0c3a83f2b6216956b5ca801c182311937dd031d49b07f4c85acaa09270679a
design/output/cyberdeck-v5-k06-59p6mm-fit-gauge.stl,17784,6d1ebe49dc8e092fc0eb54792611d3d62297d20ff76b4bebf98c8f0708622cb7
design/output/cyberdeck-v5-k06-59p6mm-keyboard-m5.stl,168484,78437111c95ba73d232495c482b383f9c82c3bbe07974e941765877981bf04c2
design/output/cyberdeck-v5-latch-test.stl,6284,65b03e7054bf8fb146c24686d585320e5db2da9bea6e1ac195c60ebb2e70ee57
design/output/cyberdeck-v5-m5-hinge-clearance-test.stl,32484,6951c26542709c206e6cc45419d002dc8feea35b0a68df1661adbf576d671044
design/output/cyberdeck-v5-matched-assembly-180deg.stl,1160884,73ca10d406ccaeb7d6c25453842436cbbf059526f3eb6c40d1c814294df68f45
design/output/cyberdeck-v5-matched-assembly-closed.stl,1160884,74aa54cd3300138351a22371eb000d9c2d14d1b9f515d4784fd8f8dbd750036f
design/output/cyberdeck-v5-matched-assembly-open.stl,1160884,f5f8310a831e9a6d89cdf348d42bc1fdbe319e0bcdbeadfcd325ebf680cfd8aa
design/output/cyberdeck-v5-matched-phone-pixel6a-m5-open-hex.stl,992484,5b0c3a83f2b6216956b5ca801c182311937dd031d49b07f4c85acaa09270679a
design/output/cyberdeck-v6-k06-59p6mm-fit-gauge.stl,17784,6d1ebe49dc8e092fc0eb54792611d3d62297d20ff76b4bebf98c8f0708622cb7
design/output/cyberdeck-v6-k06-59p6mm-keyboard-m5.stl,168484,78437111c95ba73d232495c482b383f9c82c3bbe07974e941765877981bf04c2
design/output/cyberdeck-v6-latch-test.stl,6284,65b03e7054bf8fb146c24686d585320e5db2da9bea6e1ac195c60ebb2e70ee57
design/output/cyberdeck-v6-m5-hinge-clearance-test.stl,32484,6951c26542709c206e6cc45419d002dc8feea35b0a68df1661adbf576d671044
design/output/cyberdeck-v6-matched-assembly-180deg.stl,1178384,80c83aeaa065ffce3c37993c5111a12b94e584b2f6b6042a0ef9da79e32ec956
design/output/cyberdeck-v6-matched-assembly-closed.stl,1178384,55a44782c1df696734c104eb96ccac074e58ade52f91d742f15f7d449e031733
design/output/cyberdeck-v6-matched-assembly-open.stl,1178384,2b0cf61b837ead833f83304db35ee4fd55a981a77fe86e91f48cfb598207e5a4
design/output/cyberdeck-v6-matched-phone-pixel6a-m5-open-hex.stl,1009984,0700990f0c825e0bfed923251cdca7887c9b1d435b757a35bddf3d5314ca1c16
design/output/cyberdeck-v7-k06-59p6mm-fit-gauge.stl,17784,6d1ebe49dc8e092fc0eb54792611d3d62297d20ff76b4bebf98c8f0708622cb7
design/output/cyberdeck-v7-latch-test.stl,6284,65b03e7054bf8fb146c24686d585320e5db2da9bea6e1ac195c60ebb2e70ee57
design/output/cyberdeck-v7-m5-hinge-clearance-test.stl,32484,6951c26542709c206e6cc45419d002dc8feea35b0a68df1661adbf576d671044
design/output/cyberdeck-v7-pixel6a-m5-open-hex.stl,994784,4883e836003f9d18a1b5673c16c385b0c283f97f516a4887c1f67859c9efca83
design/output/cyberdeck-v7-slim-assembly-180deg.stl,1139084,e97918643fc5feb18e6d899c120c8e4c32c5c61dcb1305c3648fb68e49197af7
design/output/cyberdeck-v7-slim-assembly-closed.stl,1139084,824a7c0e354949e7dcc8c18b91c1b643dc7812856c9ce6dffe115cf40dcd6b90
design/output/cyberdeck-v7-slim-assembly-open.stl,1139084,fd0faa1cbb999e304cf784f6c2e6c91e1d59ab577cbe974ed02df48a3bd4030c
design/output/cyberdeck-v7-slim-k06-59p6mm-keyboard-m5.stl,144384,005bfa7dce78bbee6c21e77c02837eac16c8cbbb2cf162937818ce4744aff7d0
design/output/cyberdeck-v8-k06-59p6mm-fit-gauge.stl,17784,6d1ebe49dc8e092fc0eb54792611d3d62297d20ff76b4bebf98c8f0708622cb7
design/output/cyberdeck-v8-m5-hinge-clearance-test.stl,32484,6951c26542709c206e6cc45419d002dc8feea35b0a68df1661adbf576d671044
design/output/cyberdeck-v8-pixel6a-m5-open-hex.stl,988784,358c5ba594c96161a9061c27b57bab013ff23defda845f45636d20c5ef119dea
design/output/cyberdeck-v8-removable-end-clip-print-twice.stl,1484,81db25fb977badffa74526cf52855eb8d68640fddade7a982d41b941fb7f43b3
design/output/cyberdeck-v8-slim-assembly-180deg.stl,1130984,020dbdd7bd6f2020873634da8ff10463145f70126653e0851cb6607c69ce0fba
design/output/cyberdeck-v8-slim-assembly-closed.stl,1130984,f2afd7be657164868d9d034bf01ca336cfc16533a21885dcb87c54dc3510d3bc
design/output/cyberdeck-v8-slim-assembly-open.stl,1130984,ddcab972a15e35cbd0e567c84c828a237f79e4ee0245555bba3f5b2d650a2b61
design/output/cyberdeck-v8-slim-k06-59p6mm-keyboard-m5.stl,142284,0e08edcde27dd5b3225d4bdda41da5d1666c5427b572eda3f3637aa9133f6d96
design/output/cyberdeck-v9-k06-59p6mm-fit-gauge.stl,17784,6d1ebe49dc8e092fc0eb54792611d3d62297d20ff76b4bebf98c8f0708622cb7
design/output/cyberdeck-v9-m5-hinge-clearance-test.stl,32484,6951c26542709c206e6cc45419d002dc8feea35b0a68df1661adbf576d671044
design/output/cyberdeck-v9-matched-assembly-180deg.stl,1131184,1ed3b2d65b81df9daa487e8319689cd0ae92fa926f107d96523bc338441674c2
design/output/cyberdeck-v9-matched-assembly-closed.stl,1131184,668db7033c1e7a6c209c71f3bd5a6ea50269414009dd3172c5fa809b67fbae0c
design/output/cyberdeck-v9-matched-assembly-open.stl,1131184,0a28fe0276a478f6ec4097c6e8b4bcd9d0bba198ecd95e604db50a4ce87e3ed6
design/output/cyberdeck-v9-matched-k06-59p6mm-keyboard-m5.stl,142484,134910ecc109ed5c6c92cf8b1b61b999a4f8c0b27eecdd7e363186c345d85013
design/output/cyberdeck-v9-pixel6a-m5-open-hex.stl,988784,358c5ba594c96161a9061c27b57bab013ff23defda845f45636d20c5ef119dea
design/output/cyberdeck-v9-removable-end-clip-print-twice.stl,1484,81db25fb977badffa74526cf52855eb8d68640fddade7a982d41b941fb7f43b3
design/output/elegant_ringstand_module_v2/01_V14_HEX_RINGSTAND_BASIS_60MM.stl,147784,c2212613f0bc1da6289ed924d9d7f3a33ae64148aa83d970695aaf874679bada
design/output/elegant_ringstand_module_v2/02_ELEGANTER_KLAPPRING_M3.stl,115984,9b25801b4e408be2906d09505f4ed621505c41a35418f150a68bf9d4582c0395
design/output/elegant_ringstand_module_v2/03_VIER_HEX_HALTECLIPS_NOMINAL_9P34.stl,19284,cac8ca939a68974bf09db84a8dc24791a90e7438a7e012b062e24061d2accb10
design/output/elegant_ringstand_module_v2/04_CLIP_PASSFORM_9P26_9P34_9P42.stl,15584,8589986faf24a220e0ae790dc421aa953c910a80b20db83736d61ee272764725
design/output/elegant_ringstand_module_v2/05_EINZELCLIP_LEICHT_9P26.stl,5184,ec23927ae02d08f4b2506f3828460f5ebaed0b9bd3b1198f6a48648450ec01d0
design/output/elegant_ringstand_module_v2/06_EINZELCLIP_NOMINAL_9P34.stl,5184,a0933b23f2d1fc027b3d0c2b1162fb144a52762e22ab699726826c02c1b54a3a
design/output/elegant_ringstand_module_v2/07_EINZELCLIP_FEST_9P42.stl,5184,07acab5204fb729eba3415995ed87585f84e067b8347385c56c206c51df105b2
design/output/elegant_ringstand_module_v2/DRUCK_UND_MONTAGE.md,2400,f4bbeb7aad602a3a289faebb44e5d629ef97fade391d681414fcc293c4591aae
design/output/elegant_ringstand_module_v2/NUR_VORSCHAU_NICHT_DRUCKEN/01_RING_EINGEKLAPPT.stl,263684,98ac982fc75377519301784c86f21f6c8dc26ba6027aa42e23a4d51c089432e1
design/output/elegant_ringstand_module_v2/NUR_VORSCHAU_NICHT_DRUCKEN/02_RING_AUFGEKLAPPT.stl,263684,8e5c6877c3f78b19c2e95b270cf6d3cb72012830d610a618f47653d6cb5a7737
design/output/elegant_ringstand_module_v2/NUR_VORSCHAU_NICHT_DRUCKEN/03_RING_AN_V14_HANDYHAELFTE.stl,1261784,9d104e02b76b6522663c30824007bb5e5d4141517953dcfd88160084ca697604
design/output/elegant_ringstand_module_v2/NUR_VORSCHAU_NICHT_DRUCKEN/04_CYBERDECK_MIT_RINGSTAND_AUF_TISCH.stl,1401784,05e560a9b0a995797f96b3ac9b6542eaa48b1fec602b16bf6d70ef1f08fa5159
design/output/elegant_ringstand_module_v2/PRUEFBERICHT.txt,838,309352bfdcff6c52d7e6947716a1113e9752636e1550235308ba68993d9b0e83
design/output/elegant_ringstand_module_v2/PRUEFBILDER/01_EINGEKLAPPT.png,47235,d5e896020bec4876abf7762534cf7b3ab869ed0afdec555ef361678cc9dc1de0
design/output/elegant_ringstand_module_v2/PRUEFBILDER/02_AUFGEKLAPPT.png,39310,0ce3da9ddee091c0b4d0341c4facb67c77491f0e113f62dedc57a8c01a408d30
design/output/elegant_ringstand_module_v2/PRUEFBILDER/03_AN_V14_HANDYHAELFTE.png,74427,666d70d13e6604f7a1f24a76a4d981a8ad1929723fbb2b417f38072ba7c65086
design/output/elegant_ringstand_module_v2/PRUEFBILDER/04_GESAMTES_CYBERDECK_STANDFEST.png,97210,7c667ce57413346e125f2a15dae8713c1d2331c60dea46a918d275b645e90420
design/output/kickstand_module_v1/01_V14_HEX_STANDFUSS_BASIS.stl,70684,f575d59ac4f150ca968cfcbe4db0e6aca70996eed10811c04663421a849d8121
design/output/kickstand_module_v1/02_KLAPPBUEGEL_M3.stl,94484,1d59ef9d24a1f08ccfd47816511eb0500ba06309d7422fc03670db6c189e8878
design/output/kickstand_module_v1/03_VIER_HEX_HALTECLIPS_NOMINAL_9P34.stl,19284,cac8ca939a68974bf09db84a8dc24791a90e7438a7e012b062e24061d2accb10
design/output/kickstand_module_v1/04_CLIP_PASSFORM_9P26_9P34_9P42.stl,15584,8589986faf24a220e0ae790dc421aa953c910a80b20db83736d61ee272764725
design/output/kickstand_module_v1/DRUCKHINWEISE.md,2063,a233e9efa9ec5160f2a6ba0c9943ded74ba5530adb1c30df37865235cbba8ef9
design/output/kickstand_module_v1/NUR_VORSCHAU_NICHT_DRUCKEN/01_STANDFUSS_EINGEKLAPPT.stl,165084,f8efa2452dbf2befa27d5b86d5495d428dcc4ccd14d02799a39f5fded3b3e58a
design/output/kickstand_module_v1/NUR_VORSCHAU_NICHT_DRUCKEN/02_STANDFUSS_AUFGEKLAPPT_25GRAD.stl,165084,53bef103c1cffd122bbd207ae22a4988520213b645e1cf57c9edcf2a5e9665a9
design/output/kickstand_module_v1/NUR_VORSCHAU_NICHT_DRUCKEN/03_MONTAGE_AN_V14_HANDYHAELFTE.stl,1163184,5f6211afcf387b8d9c078341d07871a34823c444cdd3cb79f1e018a116578c75
design/output/kickstand_module_v1/NUR_VORSCHAU_NICHT_DRUCKEN/04_CYBERDECK_MIT_STANDFUSS_AUF_TISCH.stl,1303184,fd602d5cfe07d93db02c443973bc83cc110259ddb884e45e0692b740cea97771
design/output/kickstand_module_v1/PRUEFBERICHT.txt,424,996395c529fe7dfacaf13989d4a0bb1790edbc936208878287c945a99100e0a4
design/output/kickstand_module_v1/PRUEFBILDER/01_EINGEKLAPPT.png,31523,b5cd00e04c3f58e51ade7a23b14231018ca1e4901295e0f6485f8096546dc9c8
design/output/kickstand_module_v1/PRUEFBILDER/02_AUFGEKLAPPT.png,24030,c3158968d90630cc5f0a4cee30125f4e731c3618d28763a6234df67fb3bc24b4
design/output/kickstand_module_v1/PRUEFBILDER/03_AN_V14_HANDYHAELFTE.png,68936,b4cea17ed2366a2dd213a7745acfc5f52841d2e922dc3cbde030335a967aa158
design/output/kickstand_module_v1/PRUEFBILDER/04_GESAMTES_CYBERDECK_STANDFEST.png,90029,4a0de74a592300f1bb47a3fa2c1064c6b3475236092faa726f8d64fa940775ba
design/output/powerbank_module_v1/01_POWERBANK_MODUL_90P70X64P49_HEX.stl,108884,7f58d17c018cc023755db05a51fecd6afecb17873f5b50275dfdb4c90c2c7485
design/output/powerbank_module_v1/02_SECHS_HEX_KLICKSTIFTE_4P8MM.stl,39184,d606f44a8bfa1dfee99c5172b5007d133dfc14350c9f7e924db7b563c7d895d6
design/output/powerbank_module_v1/02_SECHS_HEX_VERBINDUNGSSTIFTE.stl,78084,7ad5d6e41cbbc38101a2d06b9a906f7d71c6d31e0294839329fd0147daf70f1c
design/output/powerbank_module_v1/NICHT_DRUCKEN_MONTAGE_UNTER_CYBERDECK_VORSCHAU.stl,260584,650b255b1f68a03bfd80fa1654146dc741ccfddbd18292fe6a1b0351cb66c24f
design/output/powerbank_module_v1/NICHT_DRUCKEN_POWERBANK_PASSFORM_VORSCHAU.stl,120584,edc5009d90e2400550cda412e27065444a397662e21f2f2757f69f62079e246c
design/output/sliding_powerbank_box_v2/01_V14_SCHIEBEBOX_POWERBANK_KABEL.stl,205084,35c337e59b178b39ab7b70d8c8c5966e93bdcc1bfe29fa1684296b667c2598b5
design/output/sliding_powerbank_box_v2/02_SCHIEBEDECKEL.stl,105884,2369e483845dfa58d4acc3108746a652b72b70ec7acff6226fcece0741ec94f9
design/output/sliding_powerbank_box_v2/03_SECHS_VERSENKTE_HEX_HALTECLIPS.stl,29684,9b5fd90c0badcdce3f257388a0b3c9442482548f930f63f95abd5801cae55ae4
design/output/sliding_powerbank_box_v2/04_CLIP_PASSFORM_LEICHT_9P26.stl,5184,222710f30ee4aa83b2d6d62c88fb68efc40e07bab0dd09f1f0c7e7190a8ee169
design/output/sliding_powerbank_box_v2/05_CLIP_PASSFORM_NOMINAL_9P34.stl,5184,4b7d162501fc36457e093112b92bbd60614b655a90ba345b908923f7473ed3f0
design/output/sliding_powerbank_box_v2/06_CLIP_PASSFORM_FEST_9P42.stl,5184,63059350102a2ade9d685ac26c3f11c5074d07fff322b9e6964af37ff5062f63
design/output/sliding_powerbank_box_v2/NICHT_DRUCKEN_MONTAGE_UNTER_V14_VORSCHAU.stl,356784,6edc12c140c151ea3326b38a289a4b45bd5bc9e2becaef7a3ff0361212c21129
design/output/sliding_powerbank_box_v2/NICHT_DRUCKEN_POWERBANK_IN_100MM_FACH_VORSCHAU.stl,216784,c51c4bed34e5136ad61f2ac0ffe9359ae8f62cf5cba0375c7f1218bcd2867e7d
design/output/sliding_powerbank_box_v2/verification/01_INNENRAUM_POWERBANK.png,30874,4bc690b428d8853092601397cc23e6aca7480813262b1d7399bbc29c6f9377dd
design/output/sliding_powerbank_box_v2/verification/02_BOX_AUSSEN.png,33509,61ad4222e7aa274e8c83b6273e2d0b9ed57b44cbb40f3384448a70e44072de7b
design/output/sliding_powerbank_box_v2/verification/03_SCHIEBEDECKEL.png,21239,ac54f6ad2fc547924b88492c60c77fc196c34b8f0696acc3285729708e11b181
design/output/sliding_powerbank_box_v2/verification/04_DRAUFSICHT_FAECHER.png,9487,ce8dc3d808479c8a5fd307a0224454f5461310b2460d8bd5bdc54d3ca76ae4a7
design/output/sliding_powerbank_box_v3_100mm/01_V14_SCHIEBEBOX_POWERBANK_KABEL.stl,205084,35c337e59b178b39ab7b70d8c8c5966e93bdcc1bfe29fa1684296b667c2598b5
design/output/sliding_powerbank_box_v3_100mm/02_SCHIEBEDECKEL.stl,105884,2369e483845dfa58d4acc3108746a652b72b70ec7acff6226fcece0741ec94f9
design/output/sliding_powerbank_box_v3_100mm/03_SECHS_VERSENKTE_HEX_HALTECLIPS.stl,29684,9b5fd90c0badcdce3f257388a0b3c9442482548f930f63f95abd5801cae55ae4
design/output/sliding_powerbank_box_v3_100mm/04_CLIP_PASSFORM_LEICHT_9P26.stl,5184,222710f30ee4aa83b2d6d62c88fb68efc40e07bab0dd09f1f0c7e7190a8ee169
design/output/sliding_powerbank_box_v3_100mm/05_CLIP_PASSFORM_NOMINAL_9P34.stl,5184,4b7d162501fc36457e093112b92bbd60614b655a90ba345b908923f7473ed3f0
design/output/sliding_powerbank_box_v3_100mm/06_CLIP_PASSFORM_FEST_9P42.stl,5184,63059350102a2ade9d685ac26c3f11c5074d07fff322b9e6964af37ff5062f63
design/output/sliding_powerbank_box_v3_100mm/NICHT_DRUCKEN_MONTAGE_UNTER_V14_VORSCHAU.stl,356884,bc521533b52202ecd423d1b402df9dd354a75c61a301b1bb4973ffae79983f01
design/output/sliding_powerbank_box_v3_100mm/NICHT_DRUCKEN_POWERBANK_100MM_IN_100MM_FACH_VORSCHAU.stl,216884,28505bae1c23820e169ea0b4ec496b818655a276a54a9bb6bf65b6e8b205104e
design/output/sliding_powerbank_box_v3_100mm/verification/01_INNENRAUM_POWERBANK.png,30146,d52126e0f6114926c2b99d7dd8872caa588acee0511db94a61d80cdb2f229c1d
design/output/sliding_powerbank_box_v3_100mm/verification/02_BOX_AUSSEN.png,33509,61ad4222e7aa274e8c83b6273e2d0b9ed57b44cbb40f3384448a70e44072de7b
design/output/sliding_powerbank_box_v3_100mm/verification/03_SCHIEBEDECKEL.png,21239,ac54f6ad2fc547924b88492c60c77fc196c34b8f0696acc3285729708e11b181
design/output/sliding_powerbank_box_v3_100mm/verification/04_DRAUFSICHT_FAECHER.png,9487,ce8dc3d808479c8a5fd307a0224454f5461310b2460d8bd5bdc54d3ca76ae4a7
design/output/sliding_powerbank_box_v4_100x76x16/01_V14_SCHIEBEBOX_POWERBANK_KABEL.stl,208984,4eef7678bc58066735fdedbf7ea236eb0d95e1b501c782e4cdea20e83aa47297
design/output/sliding_powerbank_box_v4_100x76x16/02_SCHIEBEDECKEL.stl,105884,9341709a8fec0dc64242d622ba951eeb1f135933c6e805fb796d7d21fe822507
design/output/sliding_powerbank_box_v4_100x76x16/03_SECHS_VERSENKTE_HEX_HALTECLIPS.stl,29684,9b5fd90c0badcdce3f257388a0b3c9442482548f930f63f95abd5801cae55ae4
design/output/sliding_powerbank_box_v4_100x76x16/04_CLIP_PASSFORM_LEICHT_9P26.stl,5184,222710f30ee4aa83b2d6d62c88fb68efc40e07bab0dd09f1f0c7e7190a8ee169
design/output/sliding_powerbank_box_v4_100x76x16/05_CLIP_PASSFORM_NOMINAL_9P34.stl,5184,4b7d162501fc36457e093112b92bbd60614b655a90ba345b908923f7473ed3f0
design/output/sliding_powerbank_box_v4_100x76x16/06_CLIP_PASSFORM_FEST_9P42.stl,5184,63059350102a2ade9d685ac26c3f11c5074d07fff322b9e6964af37ff5062f63
design/output/sliding_powerbank_box_v4_100x76x16/NICHT_DRUCKEN_MONTAGE_UNTER_V14_VORSCHAU.stl,360684,53bd350b76e3f78f4687457b4586d1ee7c8fe64a9096111e809248d2bc1b8b5d
design/output/sliding_powerbank_box_v4_100x76x16/NICHT_DRUCKEN_POWERBANK_100MM_IN_100MM_FACH_VORSCHAU.stl,220684,3c5933a9a5bd16cecfe3429acc0967293357aedaaad962ce55c5aad53c973b20
design/output/sliding_powerbank_box_v4_100x76x16/verification/01_INNENRAUM_POWERBANK.png,29142,aa501ebbc4c716d853f19bec65a4c160ca90655afedbf81d0ab698738a65b66b
design/output/sliding_powerbank_box_v4_100x76x16/verification/02_BOX_AUSSEN.png,32666,6eec6fcf4de0b0a9c7e597fc18b603a5fff2c8a6acbc0c7c70400adc876fbdf8
design/output/sliding_powerbank_box_v4_100x76x16/verification/03_SCHIEBEDECKEL.png,20291,08bbf977c334423daed11a5738829e2a02bec677e9e5c5dc282b4f0ad7b2a2b2
design/output/sliding_powerbank_box_v4_100x76x16/verification/04_DRAUFSICHT_FAECHER.png,9408,ce763c2469dc3c509b9c4700cc4b22dfbd551612084afc864b1bc430dc663c5e
design/output/sliding_powerbank_box_v5_ports/01_V14_SCHIEBEBOX_POWERBANK_KABEL.stl,186784,a6654bf546bee7b185eea5aa6cb185ef0c3c378a8c00fb7202e91b5162650855
design/output/sliding_powerbank_box_v5_ports/02_SCHIEBEDECKEL.stl,105884,9341709a8fec0dc64242d622ba951eeb1f135933c6e805fb796d7d21fe822507
design/output/sliding_powerbank_box_v5_ports/03_SECHS_VERSENKTE_HEX_HALTECLIPS.stl,29684,9b5fd90c0badcdce3f257388a0b3c9442482548f930f63f95abd5801cae55ae4
design/output/sliding_powerbank_box_v5_ports/04_CLIP_PASSFORM_LEICHT_9P26.stl,5184,222710f30ee4aa83b2d6d62c88fb68efc40e07bab0dd09f1f0c7e7190a8ee169
design/output/sliding_powerbank_box_v5_ports/05_CLIP_PASSFORM_NOMINAL_9P34.stl,5184,4b7d162501fc36457e093112b92bbd60614b655a90ba345b908923f7473ed3f0
design/output/sliding_powerbank_box_v5_ports/06_CLIP_PASSFORM_FEST_9P42.stl,5184,63059350102a2ade9d685ac26c3f11c5074d07fff322b9e6964af37ff5062f63
design/output/sliding_powerbank_box_v5_ports/NICHT_DRUCKEN_MONTAGE_UNTER_V14_VORSCHAU.stl,338484,42ff8aa16a83ccc87b51a37391a9451e2ed71945906b2ad7050a20f049ea6f2e
design/output/sliding_powerbank_box_v5_ports/NICHT_DRUCKEN_POWERBANK_100MM_IN_100MM_FACH_VORSCHAU.stl,198484,7dd59c263aeaa87ddd2dcc4c3de9fc51dd146ff55b5d201737e0205bddba1b10
design/output/sliding_powerbank_box_v5_ports/verification/01_INNENRAUM_POWERBANK.png,29009,8f6ef08974a94a71101fb69fb723e5c3a810dd6be4b6732a3e8c58bd8bf4603f
design/output/sliding_powerbank_box_v5_ports/verification/02_BOX_AUSSEN.png,32503,0f805f295bb4e7cf0f928e7b6ba1e8b350df30f9a372c91f13f158034b3a733a
design/output/sliding_powerbank_box_v5_ports/verification/03_SCHIEBEDECKEL.png,20291,08bbf977c334423daed11a5738829e2a02bec677e9e5c5dc282b4f0ad7b2a2b2
design/output/sliding_powerbank_box_v5_ports/verification/04_DRAUFSICHT_FAECHER.png,9297,92a17488d0ee590c749581fef190655a569ab620e0749cc59ea18cf98368676c
design/output/sliding_powerbank_box_v6_exact_footprint/01_V14_SCHIEBEBOX_POWERBANK_KABEL.stl,183684,fba6c4fae5907438c8536ed73387b35cac4007619effe17628a1d2b72c708fdb
design/output/sliding_powerbank_box_v6_exact_footprint/02_SCHIEBEDECKEL.stl,105884,2369e483845dfa58d4acc3108746a652b72b70ec7acff6226fcece0741ec94f9
design/output/sliding_powerbank_box_v6_exact_footprint/03_SECHS_VERSENKTE_HEX_HALTECLIPS.stl,29684,9b5fd90c0badcdce3f257388a0b3c9442482548f930f63f95abd5801cae55ae4
design/output/sliding_powerbank_box_v6_exact_footprint/04_CLIP_PASSFORM_LEICHT_9P26.stl,5184,222710f30ee4aa83b2d6d62c88fb68efc40e07bab0dd09f1f0c7e7190a8ee169
design/output/sliding_powerbank_box_v6_exact_footprint/05_CLIP_PASSFORM_NOMINAL_9P34.stl,5184,4b7d162501fc36457e093112b92bbd60614b655a90ba345b908923f7473ed3f0
design/output/sliding_powerbank_box_v6_exact_footprint/06_CLIP_PASSFORM_FEST_9P42.stl,5184,63059350102a2ade9d685ac26c3f11c5074d07fff322b9e6964af37ff5062f63
design/output/sliding_powerbank_box_v6_exact_footprint/NICHT_DRUCKEN_MONTAGE_UNTER_V14_VORSCHAU.stl,335384,910c300de005c94688b34c0d219a9780444661cbcc1a3673268960c0250a8f34
design/output/sliding_powerbank_box_v6_exact_footprint/NICHT_DRUCKEN_POWERBANK_100MM_IN_100MM_FACH_VORSCHAU.stl,195384,6112f120dd5d353fbc991eb1ae3fd82683d8b8894c49865b670a000c525379d1
design/output/sliding_powerbank_box_v6_exact_footprint/verification/01_INNENRAUM_POWERBANK.png,31817,75ae162a28ab074ef81d0f0a99f470a5674e8d0d1970fd8f094569236c11c7d4
design/output/sliding_powerbank_box_v6_exact_footprint/verification/02_BOX_AUSSEN.png,34641,3337a07497c92a9374cc4fa42898b5962c0d2dfd54b87d35c9e571365540d53b
design/output/sliding_powerbank_box_v6_exact_footprint/verification/03_SCHIEBEDECKEL.png,21239,ac54f6ad2fc547924b88492c60c77fc196c34b8f0696acc3285729708e11b181
design/output/sliding_powerbank_box_v6_exact_footprint/verification/04_DRAUFSICHT_FAECHER.png,9372,67ea676da7de8382f3283635eb36bf32720cef71c7d2359fc733e22df5f23532
design/output/sliding_powerbank_box_v6_exact_footprint/verification/05_MONTAGE_UNTER_V14_SCHARNIERSEITE.png,44638,74171502aa5c3719cb9ad39ab2b1a1f2f2f690b94743d93b7e737a1329d1534b
design/output/sliding_powerbank_box_v7_closed_sides/00_NICHT_DRUCKEN_DECKELFUEHRUNG_BLOCKIERT.md,338,80571d6b27af1f90ddb6904a89ac5f800704d8c209f7688a7c828f4a0c861ec6
design/output/sliding_powerbank_box_v7_closed_sides/01_V14_SCHIEBEBOX_POWERBANK_KABEL_SEITEN_GESCHLOSSEN_V7.stl,192284,6c448a06026c44d03eeb5a30d0ebaeec505f25d5992b0d666b16d6a028c5f295
design/output/sliding_powerbank_box_v7_closed_sides/02_SCHIEBEDECKEL_UNVERAENDERT_V7.stl,105884,2369e483845dfa58d4acc3108746a652b72b70ec7acff6226fcece0741ec94f9
design/output/sliding_powerbank_box_v7_closed_sides/03_SECHS_VERSENKTE_HEX_HALTECLIPS_V7.stl,29684,9b5fd90c0badcdce3f257388a0b3c9442482548f930f63f95abd5801cae55ae4
design/output/sliding_powerbank_box_v7_closed_sides/04_CLIP_PASSFORM_LEICHT_9P26.stl,5184,222710f30ee4aa83b2d6d62c88fb68efc40e07bab0dd09f1f0c7e7190a8ee169
design/output/sliding_powerbank_box_v7_closed_sides/05_CLIP_PASSFORM_NOMINAL_9P34.stl,5184,4b7d162501fc36457e093112b92bbd60614b655a90ba345b908923f7473ed3f0
design/output/sliding_powerbank_box_v7_closed_sides/06_CLIP_PASSFORM_FEST_9P42.stl,5184,63059350102a2ade9d685ac26c3f11c5074d07fff322b9e6964af37ff5062f63
design/output/sliding_powerbank_box_v7_closed_sides/NICHT_DRUCKEN_MONTAGE_UNTER_V14_VORSCHAU.stl,343984,1a4cbed85177afc62fe6c85fad663f3fb4f83bfba9a4faa8d1f4e9d1ece44f01
design/output/sliding_powerbank_box_v7_closed_sides/NICHT_DRUCKEN_POWERBANK_100MM_IN_100MM_FACH_VORSCHAU.stl,203984,5ad9a64b9cc2b5d6d86d8ea42496139f10815e07a5a2c5713727f39272d6ed40
design/output/sliding_powerbank_box_v7_closed_sides/verification/01_INNENRAUM_POWERBANK.png,32039,7424bb184db125db3ba4a033e0ff2dde5296c5ea24f78ed7f36ba1fa46c7276d
design/output/sliding_powerbank_box_v7_closed_sides/verification/02_BOX_AUSSEN.png,34170,db85ec3c9abbd72a47d020521786bfba6965ead6c645102657b9fd52a8c6df89
design/output/sliding_powerbank_box_v7_closed_sides/verification/03_SCHIEBEDECKEL.png,21239,ac54f6ad2fc547924b88492c60c77fc196c34b8f0696acc3285729708e11b181
design/output/sliding_powerbank_box_v7_closed_sides/verification/04_DRAUFSICHT_FAECHER.png,9382,67902dafb71bb3f151c581c8cbe0acc2b8e8e83c81bf7e8701dc0453de8ff651
design/output/sliding_powerbank_box_v7_closed_sides/verification/05_MONTAGE_UNTER_V14_SCHARNIERSEITE.png,44372,09f544a2b17d94a42fda65e7c2a4725c5507b2c0b2c2e8741dda8a26dc77d47c
design/powerbank_module_v1.py,9826,672b3b4d0bdb0462ff88de7ad259a021b955d586443ffb4565c79f5828639bfc
design/previews/assembly-assembly.png,123391,09f76150a0e4b42246ce2451e47997460e14d969e96130753dbf12b4d898894f
design/previews/assembly-front.png,44939,a2a25495839357562cf682ac1abff2ca6ac41b5d4f0afdf5eababc1048ea0fe8
design/previews/assembly-open-hex-no-stop-180deg.png,86892,86dd8dbbdba203afc708ad5ed67c4eba78e00f15a37a1d055b88524183bdacd2
design/previews/assembly-side.png,79737,e1640aeaba55999e161a53ede128848fcd0560e547a175885b0e71e5971108aa
design/previews/clip-test-iso.png,68250,e30dfb9848879fbce0bb75e58e0e620ea11dcac0c58957b1bdf227f19eb170b7
design/previews/cyberdeck-v2-multi-adapter-mount.png,72688,bcca0e1b172268c203b71ebb854c6b96f99114581502995bb7af15ab03d70a6e
design/previews/cyberdeck-v2-reference-overview.png,187904,182a905a97a83579ba9d44cad961a6bb82a8105b8399f79d8a4a5bd5437bdfe1
design/previews/cyberdeck-v3-hinge-leaf-flush-comparison.png,39912,c15d1fe01442320154169f83be61e8469f340d3a4daebe863c5a0344d23d6a86
design/previews/cyberdeck-v3-preflight-overview.png,139349,6e3adad35fb3f02872a2f7caad7a159b8158789a594a7207ae637c1323f9448b
design/previews/cyberdeck-v4-reference-master-overview.png,167279,a96932ffc4a7c61bb63506dd88907b1829aaddc2bd927353a392e1f6f33e5a1a
design/previews/cyberdeck-v6-closed-fit-check.png,19039,7a3ec3422d3fe40b6b81a9bce07dbfa6006a9e5f7b7fc199462077c639903462
design/previews/cyberdeck-v7-slim-overview.png,22939,a3980c736af12bade9aa3253f80df3562dfd7d6affd738e46a52c5e83b97c3e0
design/previews/cyberdeck-v8-verified-layout.png,16696,306e04a4cb3262c8a45ceb70240bf0114cdc6f3bd537e076c0e5fe7ce25d05c2
design/previews/hinge-attachment-detail.png,106874,a6984f8d4f7126d21467251ed14bfae33591ed9ef4f25bf86e9ed2f0d410bc92
design/previews/hinge-reference-comparison.png,18633,f44107e0e2ecdb588e17ae890b8f07c7c05c97bfec30c65d521da10a394398b1
design/previews/keyboard-iso.png,80829,b5843a911fc4a26b6f03ebc5506fda0ac2e0830cdcca4e261200c45edc708efa
design/previews/keyboard-top.png,36156,715e93b28c99f62245ee4b48b1427cc2787114201e6c81df66a117572811ba3e
design/previews/phone-bottom.png,68393,a0ce84858b5baf2101064f0af5e552e2debc57893c6fdc8cf2e3b4f8291073f8
design/previews/phone-iso.png,140952,534b7d340fac6903c3bf541bcd7284fa785895ffc361fd424090c462cc8eddbe
design/previews/phone-no-edge-bottom.png,69649,040139a303e6de5e70e052120ff72a2941d26c7a8d304d8358de4b8d9ed2bdff
design/previews/phone-no-edge-iso.png,145875,2859cc6a95a3b5a7a7232ecaa3974bb02f66d7575cb00db1a68d61fb844e8e8f
design/previews/phone-open-hex-no-edge-bottom.png,70572,7a5b2b8eaa374faf20d6e73b25019e142bbcb692d49bae1b5fc6ef1cffcc0947
design/previews/pixel-case-two-sides.png,62744,6e5499b200457ad1304dfa59a1811454c72e9283b3e092836355c67c9cc2bfdc
design/previews/reference-closed-analysis.png,77546,488a768b2f9b8f8f9c8b318bc50d09754737e46643222e5428912aebfeebf0d3
design/previews/reference-keyboard-six-views.png,53174,1dd988038bdd2b5a2d24a89894cb46123d6127086f25a2a6bec422d7d3301d49
design/previews/reference-phone-six-views.png,86371,5da36d452c61e68c6ae4739c5356d06862fb4a4c614aa3bf2222341384b9b9ed
design/previews/reference-vs-current-hinge-profile.png,35932,dcd9aeef8a7a482042f895d4d2fac611a86ef92c1547431fea41f8ad6a7ff826
design/render_elegant_ringstand_module_v2.py,3064,0c832b86daef5706e2d80e5e6d336353a6be7badf02c0edfcd901124509ac1f9
design/render_kickstand_module_v1.py,3104,07513db92e2e97f4936dabe2ce4d16e2f80dace3c7a8f3be66d2832fb2d53672
design/render_sliding_powerbank_box_v2.py,3389,aba1d7755983119719e0a33eb250133521d567300b1206ce226e9e841a283a10
design/render_sliding_powerbank_box_v3.py,3389,34850a8fc404d1237945653030b6057fb5e5bb42c72d321c25b22f05fff9e223
design/render_sliding_powerbank_box_v4.py,3389,e5eb1d1627543cab73e901b1e1ef24d91796a3bfd85218754194bac9ab19f67e
design/render_sliding_powerbank_box_v5.py,3389,040e43386221a5256a856b362a2cccf1e7a8a868bdc3d150179d09fd03688c63
design/render_sliding_powerbank_box_v6.py,3898,9eb3061f11d559048251eb7b28a4d31be64f7b299e903546d3f2019b52441578
design/render_sliding_powerbank_box_v7.py,3886,7b9e2d1889294ec2c01c4d18bca60dd9c875acf8401456da0b6c78ec4c369680
design/sliding_powerbank_box_v2.py,9183,ed39dbe9157e6eab1d85fdfe85619d62218d00c27e0d9a19e6c13cfe57b15bce
design/sliding_powerbank_box_v3.py,9196,1c3d7c23ad94dee21164f7b0298e45101f2634ab9356eaeacaac4b5dcc81f97f
design/sliding_powerbank_box_v4.py,9695,068d4bcd6908999b33af1620d7faaba2a150af894bbbfcd0dc22096014eb06a6
design/sliding_powerbank_box_v5.py,9875,8a07741744e3759069a6361a934128941f2b76413174c12b1743b960f0886142
design/sliding_powerbank_box_v6.py,10838,12f0e6cc007a5ab80532f3497d3e014e050665a0c18fa00e11919c1d8fbbcf8a
design/sliding_powerbank_box_v7.py,12376,178ed8818e242e824f7ace0f4e1b48637b80cf315c620d89b123801e927a91ac
design/v6_mount_clips_plus1mm.py,1356,6ce60fe39feb4076ee47cd9603aed9fad7542bd72f3fa0417cbd599ffe44e0a2
requirements.txt,62,2771aff3bea0ac8122dac6709574a272ad3fb2f652cc86d7baa4a33e8556338a
